--почему-то при заполнении дружб и прочих отношений двух user-id у меня fildb заполнил, что id первого = id второго
-- (дружим сами с собой типа), как это победить, не понимаю (на уровне fildb, через CRUD еще не пыталась)

CREATE DATABASE VK;
USE VK;

DROP TABLE IF EXISTS `cities`;
CREATE TABLE `cities` (
  `city` varchar(130) COLLATE utf8_unicode_ci DEFAULT NULL COMMENT 'Город проживания',
  `country` varchar(130) COLLATE utf8_unicode_ci DEFAULT NULL COMMENT 'Страна проживания'
) ENGINE=InnoDB DEFAULT CHARSET=utf8 COLLATE=utf8_unicode_ci COMMENT='Города и страны';

INSERT INTO `cities` VALUES ('South Bradlyhaven','Cambodia'),
('Walterstad','Lesotho'),
('East Delilahburgh','Netherlands'),
('Lake Beryl','Palestinian Territory'),
('Leomouth','Guatemala'),
('Breanneshire','Lao People\'s Democratic Republic'),
('New Duaneton','Micronesia'),
('Port Tavareston','Liberia'),
('Boganfort','Central African Republic'),
('Lake Alekmouth','Finland'),
('West Declan','Jersey'),
('West Tia','Cambodia'),
('New Michaelberg','Uganda'),
('West Geovannymouth','Central African Republic'),
('Lake Saraishire','Iceland'),
('South Tom','Guinea'),
('McCulloughburgh','Jersey'),
('New Nettieville','Saint Barthelemy'),
('Batztown','Namibia'),
('New Iva','Bermuda'),
('Port Alvafort','Poland'),
('Kingview','Tajikistan'),
('Mohrview','Faroe Islands'),
('Schadenton','Dominican Republic'),
('East Anissa','Heard Island and McDonald Islands'),
('Weberview','Hong Kong'),
('Goyetteland','Fiji'),
('South Lenoreview','Cambodia'),
('Kileyview','Cape Verde'),
('Maybellebury','Mauritania'),
('East Linnie','Italy'),
('East Estelle','Kyrgyz Republic'),
('Kshlerinmouth','France'),
('North Adelleborough','New Zealand'),
('Willmsmouth','Jordan'),
('North Loyce','Macedonia'),
('Port Laneside','Armenia'),
('South Hardy','Swaziland'),
('Port Lavernport','Slovenia'),
('West Carissa','Palau'),
('Johnstonview','Uganda'),
('Noeton','Malawi'),
('West Corneliustown','Nigeria'),
('Brekkestad','Greenland'),
('Vandervortton','Gabon'),
('Eunachester','Nepal'),
('Howeport','Zimbabwe'),
('New Dellberg','Uganda'),
('Bashirianview','Liechtenstein'),
('Russview','New Caledonia'),
('East Cletusberg','Micronesia'),
('New Caspermouth','South Georgia and the South Sandwich Islands'),
('Pagacstad','French Guiana'),
('West Wernerstad','Spain'),
('Stoltenbergside','Senegal'),
('O\'Kontown','Singapore'),
('North Doyle','Morocco'),
('Victorside','Bosnia and Herzegovina'),
('Port Wilfredberg','Moldova'),
('Lake Kassandratown','Wallis and Futuna'),
('VonRuedenland','Bangladesh'),
('Ivahville','Lithuania'),
('Port Aylin','Austria'),
('Lake Vernonton','Cape Verde'),
('South Anabelchester','Brazil'),
('West Edmond','Qatar'),
('Romanside','Turks and Caicos Islands'),
('New Jackiestad','Nigeria'),
('Quitzonborough','Mauritius'),
('North Lula','Seychelles'),
('West Pascaleshire','Sudan'),
('Maynardtown','Macao'),
('East Thomas','Svalbard & Jan Mayen Islands'),
('West Ervinville','Saint Pierre and Miquelon'),
('Bauchshire','Mozambique'),
('Mortonmouth','Saint Kitts and Nevis'),
('Erdmanland','Israel'),
('Kutchstad','France'),
('Elfriedahaven','Samoa'),
('Lake Nadiamouth','Burkina Faso'),
('Bruenfort','Portugal'),
('North Sallyfurt','Martinique'),
('Lynnport','Libyan Arab Jamahiriya'),
('East Lela','Algeria'),
('East Eltaville','Cook Islands'),
('North Maribelfort','United Arab Emirates'),
('Port Yvetteborough','Micronesia'),
('Jadynhaven','Azerbaijan'),
('Corkerymouth','Northern Mariana Islands'),
('Gwendolynland','Macedonia'),
('Florineshire','Morocco'),
('Lemkehaven','Poland'),
('Wisozkfurt','Cape Verde'),
('Lake Valeriestad','Faroe Islands'),
('Haydenberg','Korea'),
('Lake Johannahaven','Equatorial Guinea'),
('East Joshuah','Jamaica'),
('Lake Coreneberg','Slovakia (Slovak Republic)'),
('Johnsport','Netherlands Antilles'),
('Melbaville','Sri Lanka'); 


DROP TABLE IF EXISTS `communities`;
CREATE TABLE `communities` (
  `id` int(10) unsigned NOT NULL AUTO_INCREMENT COMMENT 'Идентификатор сроки',
  `name` varchar(150) COLLATE utf8_unicode_ci NOT NULL COMMENT 'Название группы',
  `created_at` datetime DEFAULT current_timestamp() COMMENT 'Время создания строки',
  `updated_at` datetime DEFAULT current_timestamp() ON UPDATE current_timestamp() COMMENT 'Время обновления строки',
  PRIMARY KEY (`id`),
  UNIQUE KEY `name` (`name`)
) ENGINE=InnoDB AUTO_INCREMENT=101 DEFAULT CHARSET=utf8 COLLATE=utf8_unicode_ci COMMENT='Группы';

INSERT INTO `communities` VALUES ('1','nam','1984-04-08 11:07:43','2013-06-05 11:36:09'),
('2','voluptatum','2009-07-13 10:26:39','2014-11-05 02:18:38'),
('3','adipisci','1980-07-21 10:05:53','1995-12-01 06:20:06'),
('4','labore','1974-01-17 14:07:36','1984-04-19 19:18:36'),
('5','doloribus','1986-11-29 16:23:27','2013-03-19 05:40:08'),
('6','nostrum','1998-01-27 06:30:13','2008-10-10 09:20:37'),
('7','praesentium','2010-11-27 19:59:16','1991-04-03 09:54:17'),
('8','at','2016-05-05 12:38:03','1986-02-13 06:10:56'),
('9','tenetur','1976-07-15 11:51:40','1995-05-26 05:25:21'),
('10','ut','1982-03-27 07:44:26','1981-11-23 11:51:15'),
('11','eaque','1985-02-06 15:07:30','2004-09-10 04:23:54'),
('12','est','1984-11-15 16:16:26','2000-10-20 04:40:04'),
('13','consectetur','1984-03-28 11:19:07','1989-08-06 03:58:38'),
('14','temporibus','2010-04-02 15:23:21','2012-02-04 13:44:05'),
('15','ex','1996-04-30 07:59:56','2007-06-09 05:51:45'),
('16','ad','1992-07-10 15:05:00','1973-10-19 06:59:34'),
('17','cupiditate','2011-01-12 02:59:24','2011-05-30 23:42:14'),
('18','non','1972-02-12 18:33:51','1991-10-12 01:56:02'),
('19','molestias','1985-03-29 16:51:32','2016-05-02 02:02:05'),
('20','et','1978-01-22 16:09:38','2002-04-25 21:20:22'),
('21','ab','2019-03-08 10:19:46','1982-07-31 19:32:19'),
('22','id','1993-10-04 20:13:00','1981-02-23 09:12:29'),
('23','qui','1989-06-04 05:15:36','2004-03-14 06:19:51'),
('24','officia','2002-08-12 05:48:22','2008-01-25 20:38:46'),
('25','corporis','2018-08-20 22:25:09','2011-12-25 08:32:36'),
('26','deleniti','1992-04-08 23:51:41','1991-10-18 11:51:23'),
('27','incidunt','1978-06-06 03:15:07','1992-03-09 11:41:21'),
('28','natus','1995-04-20 10:50:10','1999-06-03 16:47:48'),
('29','voluptate','1978-12-11 05:55:33','2003-01-16 16:10:25'),
('30','quis','1984-10-02 21:15:12','2006-11-07 01:04:03'),
('31','odit','1975-03-06 13:50:26','1982-08-21 06:20:58'),
('32','ipsum','2001-10-06 12:42:50','2016-10-20 14:31:26'),
('33','laborum','1988-07-04 19:46:38','1974-01-01 09:32:13'),
('34','nihil','1982-02-22 18:26:01','1980-06-15 22:58:56'),
('35','architecto','2006-01-07 01:21:19','2010-05-17 09:05:47'),
('36','enim','1973-11-11 05:13:27','1996-01-22 19:14:27'),
('37','itaque','1989-09-17 14:52:44','2010-10-12 15:44:11'),
('38','accusantium','1976-12-17 23:59:33','2004-03-17 14:20:54'),
('39','reiciendis','2005-11-16 01:09:00','2007-06-06 16:24:12'),
('40','maxime','1988-03-09 09:52:42','1977-03-30 05:29:49'),
('41','esse','2011-12-25 05:38:42','1975-11-09 20:25:45'),
('42','aut','2012-11-22 02:54:20','1981-07-05 11:25:18'),
('43','ratione','2013-05-02 10:29:57','1985-11-20 17:53:25'),
('44','ullam','2000-12-12 02:33:53','2005-05-02 07:20:00'),
('45','amet','1980-03-03 19:01:31','1985-05-11 13:15:29'),
('46','inventore','1997-08-13 15:46:59','1983-02-16 07:10:54'),
('47','facilis','1997-01-21 13:29:00','1996-03-15 10:50:04'),
('48','culpa','1980-02-08 19:30:23','1986-08-13 14:52:56'),
('49','commodi','1974-07-09 15:58:03','2002-08-27 01:42:38'),
('50','omnis','2002-06-22 21:12:22','2002-12-31 00:30:29'),
('51','quasi','1970-03-03 06:58:13','2002-04-28 13:06:47'),
('52','dolorum','1983-08-09 19:32:57','1978-12-18 04:28:53'),
('53','facere','1973-09-30 13:22:29','2005-06-26 10:51:37'),
('54','necessitatibus','1992-12-19 15:13:37','2008-07-28 17:59:32'),
('55','eos','2003-05-06 13:31:54','1990-08-25 19:57:25'),
('56','magnam','2016-07-10 09:13:47','1997-04-30 22:56:07'),
('57','sunt','1983-10-31 18:51:07','1981-07-08 10:07:00'),
('58','dolor','2004-10-28 08:30:35','2007-03-23 07:32:37'),
('59','corrupti','1975-02-06 21:12:12','2009-01-26 19:12:07'),
('60','quia','2004-11-15 23:59:50','1999-08-21 12:42:09'),
('61','iusto','1972-02-29 06:58:28','1981-11-18 20:02:39'),
('62','quam','1987-03-24 07:51:05','1971-11-23 22:20:32'),
('63','nisi','1985-01-05 22:29:31','2016-02-21 19:14:15'),
('64','neque','2007-05-28 13:06:47','1992-04-20 12:01:42'),
('65','vitae','2015-03-04 18:30:13','1980-07-14 15:23:37'),
('66','quo','1991-03-11 17:35:36','1986-04-26 21:27:28'),
('67','explicabo','1992-06-16 13:31:48','2000-04-29 00:49:37'),
('68','cum','1977-02-19 20:49:47','2017-02-05 16:00:07'),
('69','odio','1976-03-08 16:08:54','1996-02-03 18:30:17'),
('70','in','1975-10-16 12:04:55','2013-09-01 13:36:26'),
('71','perspiciatis','1995-09-03 10:35:27','1992-03-17 02:40:17'),
('72','blanditiis','1971-10-03 12:04:37','2015-03-21 11:31:23'),
('73','voluptatem','1978-01-10 16:59:42','2002-07-17 00:05:50'),
('74','tempore','2004-05-19 16:20:50','1993-04-10 05:23:51'),
('75','voluptas','1990-11-06 18:00:55','1986-12-19 07:21:45'),
('76','iure','2011-08-26 03:53:13','1978-11-06 09:46:35'),
('77','similique','2013-10-31 04:57:55','2015-11-29 14:04:26'),
('78','quas','2013-07-20 03:52:03','1971-12-10 09:27:20'),
('79','dignissimos','2012-06-28 05:04:44','1976-01-25 01:46:00'),
('80','eius','1975-07-23 20:56:19','2004-05-03 11:05:51'),
('81','ea','2009-08-13 09:46:13','2015-05-24 16:21:32'),
('82','asperiores','2002-04-28 12:53:39','2000-02-07 19:46:02'),
('83','repudiandae','1978-02-17 12:21:07','1984-05-19 13:16:02'),
('84','libero','2014-10-10 13:29:41','1998-11-01 00:36:38'),
('85','unde','1992-12-30 06:55:34','1973-11-01 07:33:33'),
('86','veritatis','2005-05-04 10:22:07','1974-03-19 21:44:17'),
('87','aspernatur','1978-10-06 15:25:00','1971-12-16 03:52:27'),
('88','autem','1999-05-04 18:43:08','1982-09-20 21:51:56'),
('89','accusamus','1972-01-01 16:50:38','2000-03-29 16:46:42'),
('90','saepe','1999-06-09 22:15:15','2007-03-19 18:29:11'),
('91','nulla','1974-07-03 10:44:22','2004-07-11 02:41:07'),
('92','laudantium','1990-07-13 21:27:43','1972-09-24 22:15:35'),
('93','consequatur','2016-12-26 12:27:03','1978-06-19 04:45:55'),
('94','rerum','1993-05-26 16:53:46','1992-03-22 06:00:14'),
('95','provident','1981-12-28 06:40:37','1993-02-12 13:46:18'),
('96','mollitia','2020-11-18 03:40:52','1981-06-23 12:33:50'),
('97','nemo','2015-04-23 06:36:46','2001-06-26 12:03:28'),
('98','molestiae','2006-08-25 14:26:20','2008-08-18 18:04:27'),
('99','quae','1981-01-31 05:36:57','2004-01-27 16:12:03'),
('100','laboriosam','1996-11-08 20:08:15','1975-08-21 13:27:40'); 


DROP TABLE IF EXISTS `communities_users`;
CREATE TABLE `communities_users` (
  `community_id` int(10) unsigned NOT NULL COMMENT 'Ссылка на группу',
  `user_id` int(10) unsigned NOT NULL COMMENT 'Ссылка на пользователя',
  `created_at` datetime DEFAULT current_timestamp() COMMENT 'Время создания строки',
  PRIMARY KEY (`community_id`,`user_id`) COMMENT 'Составной первичный ключ'
) ENGINE=InnoDB DEFAULT CHARSET=utf8 COLLATE=utf8_unicode_ci COMMENT='Участники групп, связь между пользователями и группами';

INSERT INTO `communities_users` VALUES ('1','1','2013-02-17 11:47:23'),
('2','2','1970-06-17 03:49:05'),
('3','3','1973-10-23 01:11:07'),
('4','4','1989-11-15 19:47:18'),
('5','5','2012-05-01 12:34:15'),
('6','6','2001-02-12 06:07:21'),
('7','7','2008-05-22 11:44:25'),
('8','8','1972-08-02 15:22:07'),
('9','9','2002-08-19 10:06:10'),
('10','10','2001-03-15 08:04:28'),
('11','11','1979-12-21 03:46:36'),
('12','12','1991-11-17 00:14:58'),
('13','13','2012-02-09 22:30:48'),
('14','14','1976-06-16 06:31:12'),
('15','15','1977-05-08 05:18:35'),
('16','16','1988-11-16 05:41:56'),
('17','17','2003-10-16 22:53:41'),
('18','18','1976-12-01 16:07:35'),
('19','19','1989-03-12 12:38:03'),
('20','20','2019-01-05 01:23:02'),
('21','21','1972-07-22 03:40:34'),
('22','22','2009-11-11 02:39:52'),
('23','23','1996-10-12 03:06:07'),
('24','24','1998-02-25 03:49:55'),
('25','25','1973-11-02 19:58:23'),
('26','26','2011-07-25 01:59:51'),
('27','27','1976-01-30 11:11:10'),
('28','28','1983-06-03 07:32:38'),
('29','29','2016-12-07 20:32:00'),
('30','30','1993-04-12 06:07:03'),
('31','31','2017-02-25 17:14:35'),
('32','32','2015-12-29 12:14:00'),
('33','33','2014-04-04 03:16:47'),
('34','34','1988-12-02 13:10:26'),
('35','35','1998-01-01 09:28:33'),
('36','36','1996-06-14 00:27:14'),
('37','37','1987-04-18 01:43:11'),
('38','38','1980-07-04 12:09:55'),
('39','39','2000-07-03 09:50:37'),
('40','40','1995-02-13 00:19:41'),
('41','41','2001-06-27 23:18:06'),
('42','42','2010-10-26 20:30:34'),
('43','43','1985-11-04 20:02:01'),
('44','44','1977-01-27 19:13:34'),
('45','45','2013-09-27 09:38:44'),
('46','46','1988-12-22 21:27:39'),
('47','47','1980-01-26 12:30:46'),
('48','48','1995-04-22 20:43:17'),
('49','49','2015-07-19 02:12:32'),
('50','50','1989-03-25 20:12:47'),
('51','51','1997-04-08 07:46:50'),
('52','52','1971-04-17 17:04:50'),
('53','53','1980-08-16 02:50:24'),
('54','54','2003-12-23 02:09:28'),
('55','55','1995-07-07 21:34:05'),
('56','56','2002-03-27 20:32:01'),
('57','57','1988-10-26 19:30:25'),
('58','58','1974-02-24 12:17:59'),
('59','59','1998-09-30 08:46:21'),
('60','60','2014-03-05 07:40:12'),
('61','61','2007-05-16 09:19:35'),
('62','62','2010-11-13 05:52:26'),
('63','63','2002-02-03 15:56:41'),
('64','64','2005-04-26 18:12:10'),
('65','65','2014-09-12 06:24:49'),
('66','66','1975-07-10 17:48:33'),
('67','67','1984-10-08 14:29:54'),
('68','68','2013-08-16 10:34:02'),
('69','69','2000-10-05 01:03:39'),
('70','70','1988-06-29 20:37:18'),
('71','71','1988-02-29 11:49:20'),
('72','72','1970-09-13 03:36:14'),
('73','73','1993-11-06 22:22:50'),
('74','74','2002-11-07 17:23:24'),
('75','75','1989-04-23 19:16:28'),
('76','76','2008-02-02 08:53:26'),
('77','77','1981-03-16 14:37:40'),
('78','78','1972-12-23 02:04:10'),
('79','79','2019-04-02 01:03:52'),
('80','80','1977-04-12 14:17:16'),
('81','81','1989-07-23 15:10:33'),
('82','82','1990-03-09 06:20:05'),
('83','83','1988-01-22 09:19:03'),
('84','84','2011-03-10 01:42:49'),
('85','85','1979-03-26 07:18:41'),
('86','86','1991-01-25 08:41:05'),
('87','87','2010-12-08 10:35:13'),
('88','88','2020-12-24 15:37:18'),
('89','89','1983-04-24 15:00:54'),
('90','90','1970-01-18 01:26:25'),
('91','91','1982-08-20 13:21:06'),
('92','92','1971-09-21 20:11:37'),
('93','93','1988-11-19 02:14:39'),
('94','94','2016-03-04 05:34:49'),
('95','95','1998-07-22 09:35:26'),
('96','96','1980-02-21 04:37:42'),
('97','97','2011-02-12 14:17:23'),
('98','98','2001-07-31 04:32:41'),
('99','99','1974-12-21 10:48:07'),
('100','100','1975-04-08 19:05:16'); 


DROP TABLE IF EXISTS `friendship`;
CREATE TABLE `friendship` (
  `user_id` int(10) unsigned NOT NULL COMMENT 'Ссылка на инициатора дружеских отношений',
  `friend_id` int(10) unsigned NOT NULL COMMENT 'Ссылка на получателя приглашения дружить',
  `status_id` int(10) unsigned NOT NULL COMMENT 'Ссылка на статус (текущее состояние) отношений',
  `requested_at` datetime DEFAULT current_timestamp() COMMENT 'Время отправления приглашения дружить',
  `confirmed_at` datetime DEFAULT NULL COMMENT 'Время подтверждения приглашения',
  `created_at` datetime DEFAULT current_timestamp() COMMENT 'Время создания строки',
  `updated_at` datetime DEFAULT current_timestamp() ON UPDATE current_timestamp() COMMENT 'Время обновления строки',
  PRIMARY KEY (`user_id`,`friend_id`) COMMENT 'Составной первичный ключ'
) ENGINE=InnoDB DEFAULT CHARSET=utf8 COLLATE=utf8_unicode_ci COMMENT='Таблица дружбы';

INSERT INTO `friendship` VALUES ('1','1','8','2008-05-21 06:37:09','2006-09-10 07:43:34','2016-03-15 09:06:23','2012-12-14 03:37:52'),
('2','2','7','2008-05-27 09:14:12','1982-03-14 21:17:11','1972-12-27 13:49:32','1999-07-04 12:42:36'),
('3','3','8','1979-08-06 20:19:10','1983-02-05 21:03:11','1977-05-10 01:34:36','1982-03-17 03:04:12'),
('4','4','7','1999-02-21 06:42:52','2006-07-13 12:22:17','2004-01-21 13:50:28','1993-06-07 06:52:51'),
('5','5','4','2003-03-01 03:43:34','1976-08-07 18:08:59','1971-10-24 22:38:47','1985-04-27 15:40:25'),
('6','6','6','1988-08-22 05:26:19','1979-08-20 04:54:57','2008-01-19 14:57:37','1981-01-05 08:57:23'),
('7','7','4','2010-10-05 10:56:50','1977-09-04 19:49:42','2011-06-12 10:20:35','1979-12-05 06:56:14'),
('8','8','5','1973-01-15 20:16:03','2004-05-12 16:04:54','2015-12-09 14:04:24','2009-03-13 16:33:44'),
('9','9','4','2009-12-12 00:44:14','1999-12-13 00:21:27','2003-10-26 15:40:50','1994-11-09 00:05:33'),
('10','10','1','2000-02-06 00:42:51','2020-06-27 17:25:04','1978-04-08 04:33:46','2016-05-19 10:51:54'),
('11','11','0','2008-03-15 06:46:21','2004-11-19 23:53:05','1997-12-05 01:12:33','2012-09-06 06:13:32'),
('12','12','6','1999-03-06 09:18:06','2018-07-15 03:01:13','2004-02-26 13:23:51','1979-04-18 11:45:22'),
('13','13','3','2010-06-13 10:56:53','1979-11-29 01:30:37','2001-01-22 22:52:47','1985-11-23 02:02:30'),
('14','14','6','1994-11-09 00:48:38','2001-08-27 12:13:05','2011-08-03 04:27:17','1995-01-25 14:15:41'),
('15','15','1','2006-01-27 03:19:32','2015-12-10 13:20:59','1997-11-05 15:01:58','2009-09-11 08:34:13'),
('16','16','8','2003-07-14 16:41:38','1986-05-21 02:01:15','2003-05-29 18:25:14','1993-01-24 17:44:11'),
('17','17','4','1992-03-16 07:52:53','1996-03-07 01:50:12','1973-01-19 01:27:22','2002-08-29 17:17:51'),
('18','18','9','2005-09-16 22:59:58','2009-04-05 12:53:12','2007-11-17 02:13:14','1998-08-27 22:42:45'),
('19','19','0','1981-10-24 06:46:13','2009-06-08 20:13:43','1973-02-23 07:29:38','2008-06-16 22:59:36'),
('20','20','4','1980-12-08 04:03:42','1976-03-05 02:00:17','1996-03-07 05:06:26','1987-01-23 19:43:40'),
('21','21','4','1977-01-31 16:38:23','1981-02-25 06:05:10','1989-02-28 19:09:35','1994-11-27 11:34:11'),
('22','22','7','2001-10-28 17:52:03','2000-03-06 18:45:22','2019-09-03 05:09:13','1986-01-14 02:29:25'),
('23','23','4','1977-10-21 21:56:55','1993-07-13 19:02:23','2012-02-25 10:15:20','1978-09-16 17:47:33'),
('24','24','1','2014-01-01 08:15:57','1975-05-02 06:06:49','1979-04-10 04:55:32','1980-02-24 08:33:39'),
('25','25','7','1988-01-12 14:30:59','2019-12-26 14:57:11','1983-03-25 16:11:06','2003-08-07 12:58:52'),
('26','26','7','1971-02-04 07:49:34','2016-05-17 14:30:29','1997-11-05 10:28:10','1979-05-26 20:14:37'),
('27','27','9','1970-06-26 08:17:35','2013-01-01 11:37:07','1988-08-13 21:54:20','1971-05-25 06:31:57'),
('28','28','5','1994-03-24 13:32:51','2016-05-13 08:55:39','2005-08-08 01:27:36','1984-03-24 09:32:17'),
('29','29','7','1977-09-03 01:22:36','1975-02-25 03:12:04','2005-06-17 18:58:56','2013-10-01 22:36:41'),
('30','30','1','1977-11-21 21:52:05','1987-08-25 02:42:12','1991-08-12 14:33:16','2015-05-08 22:16:34'),
('31','31','3','1998-03-02 22:34:11','2005-11-14 13:53:05','2017-09-22 00:44:24','1982-07-08 04:25:08'),
('32','32','9','1987-04-18 23:16:56','2002-05-11 01:05:30','1971-06-28 03:03:50','1999-05-27 21:59:04'),
('33','33','1','1991-11-20 12:53:55','2004-10-06 00:09:53','1994-11-29 17:02:08','1980-10-10 19:45:39'),
('34','34','5','1998-04-23 15:33:32','1974-02-11 15:14:22','1979-04-17 22:21:13','2006-03-16 17:31:13'),
('35','35','0','1982-02-25 07:48:25','1974-05-04 11:38:58','2014-06-15 19:15:59','1971-05-07 04:33:42'),
('36','36','8','1995-01-15 14:40:29','2005-03-09 01:14:36','2016-06-18 08:17:41','2006-06-19 13:54:57'),
('37','37','2','1988-07-23 00:04:04','2015-02-09 04:53:04','2017-08-28 23:33:21','1972-04-27 13:37:45'),
('38','38','4','2005-11-12 04:57:32','2017-04-16 22:17:10','1988-05-30 11:33:36','2011-04-02 07:51:26'),
('39','39','8','2010-05-14 09:42:19','2016-03-10 05:29:33','2020-07-21 15:29:51','1985-12-15 01:27:54'),
('40','40','4','1998-12-09 13:14:36','1970-06-23 21:49:04','2017-08-10 23:59:25','2007-08-23 05:42:35'),
('41','41','9','1981-07-25 23:18:35','1993-08-11 08:33:31','2014-12-15 12:50:10','2003-03-24 00:37:51'),
('42','42','3','2014-05-22 14:45:02','2006-01-23 03:48:40','1986-09-11 07:16:37','1992-11-18 11:50:31'),
('43','43','1','2010-06-16 00:45:51','1983-11-28 00:01:06','1980-04-05 23:27:10','2013-06-21 21:32:19'),
('44','44','7','1995-09-04 05:07:45','2001-04-22 17:18:47','1997-10-08 08:05:13','1998-04-20 07:34:46'),
('45','45','7','1989-12-30 08:55:34','2010-07-09 13:14:34','1996-05-30 16:46:00','2017-11-01 19:54:35'),
('46','46','9','1991-09-06 06:24:14','1995-03-27 03:42:56','1987-03-12 07:30:47','1983-04-05 06:05:48'),
('47','47','9','1979-05-21 01:54:32','1980-09-29 07:48:06','1981-06-17 02:52:29','2012-11-04 06:35:34'),
('48','48','9','2009-10-06 17:48:29','2015-05-25 00:33:08','1995-01-12 15:49:25','2003-10-31 13:17:39'),
('49','49','5','2013-12-30 20:24:11','1976-03-24 21:06:43','2010-01-17 19:18:42','1980-08-09 23:12:54'),
('50','50','8','1971-09-10 16:21:00','1973-02-26 19:58:42','1996-01-19 01:44:24','2011-06-27 07:45:59'),
('51','51','1','1978-08-02 14:15:39','1989-04-17 14:48:29','2015-05-16 03:33:54','1999-07-18 12:15:01'),
('52','52','2','1997-10-05 03:36:13','1971-12-24 09:34:29','2008-02-29 15:42:31','1980-10-18 09:22:14'),
('53','53','4','1991-07-17 03:03:29','1974-06-12 07:37:10','2007-11-16 06:14:58','1978-05-01 18:36:15'),
('54','54','1','2014-08-06 02:48:06','2000-12-12 17:50:59','2006-02-17 18:34:01','2007-10-13 01:15:29'),
('55','55','4','1974-02-15 14:08:56','1995-10-12 22:28:43','1991-09-12 03:18:29','1995-08-20 01:12:02'),
('56','56','5','1992-04-09 05:07:18','2003-08-30 16:16:05','2005-10-01 02:37:25','2000-03-08 11:21:56'),
('57','57','1','1985-05-03 22:18:08','1997-06-16 00:24:26','2004-09-15 14:25:06','1991-01-22 07:44:43'),
('58','58','2','2001-02-20 19:05:05','1976-01-06 12:19:31','1997-03-15 12:48:28','2001-01-25 08:38:51'),
('59','59','6','2000-07-26 20:30:16','2009-08-07 05:21:30','1981-01-08 21:23:49','1997-03-23 15:50:23'),
('60','60','7','1986-12-19 20:31:05','1985-02-15 22:17:06','2020-02-01 04:37:03','1996-12-08 00:17:01'),
('61','61','6','1974-07-24 05:29:37','2006-06-11 12:34:54','2008-09-22 11:41:48','2002-11-24 14:27:10'),
('62','62','5','2009-08-18 03:28:00','1978-05-29 12:29:05','1997-10-26 04:00:59','1999-02-10 03:37:25'),
('63','63','0','2017-05-13 16:03:48','2011-08-19 06:53:15','1974-09-06 21:11:16','1989-02-21 23:39:10'),
('64','64','9','1999-04-29 01:12:11','2019-01-29 22:29:41','1980-06-18 15:25:02','2002-06-08 19:29:18'),
('65','65','8','2008-06-27 13:28:13','1988-04-13 13:30:31','2013-08-03 20:34:23','1996-04-26 22:53:27'),
('66','66','6','1971-03-09 13:25:43','2009-06-10 05:48:47','2000-02-18 21:19:44','1995-12-15 05:28:26'),
('67','67','6','2018-12-30 18:53:08','2000-07-22 15:50:48','2012-07-12 05:30:52','1995-04-08 13:37:22'),
('68','68','4','1999-07-05 09:30:01','1994-01-04 19:36:21','1976-01-24 07:41:53','1996-03-04 07:05:17'),
('69','69','7','1981-06-14 13:05:44','1998-03-15 16:20:40','1985-04-02 18:49:54','1976-06-10 06:39:38'),
('70','70','5','1971-08-24 16:28:13','1996-07-14 00:42:56','2002-07-08 14:57:04','2015-01-19 08:55:57'),
('71','71','8','1970-06-26 22:12:30','1975-05-28 17:14:51','2011-07-14 08:27:41','1997-12-30 09:47:10'),
('72','72','4','1998-05-18 14:13:15','2013-01-24 05:13:27','2014-06-27 20:37:59','1994-11-12 14:47:51'),
('73','73','4','2009-02-17 08:20:16','2003-09-04 13:54:43','2016-07-30 04:39:47','1977-08-18 17:14:00'),
('74','74','1','1987-07-23 05:03:10','1999-05-09 08:47:44','2006-02-08 12:59:00','1996-07-30 17:16:51'),
('75','75','6','1978-05-29 09:18:41','1980-03-06 22:02:47','1982-03-03 19:07:49','2006-08-03 14:50:27'),
('76','76','4','2000-08-05 22:59:39','1984-11-30 21:49:35','1978-12-22 10:21:25','1973-12-31 06:46:09'),
('77','77','4','1998-01-30 08:18:40','1998-07-15 22:20:16','1978-02-11 13:42:47','2014-02-19 02:24:29'),
('78','78','6','1996-06-07 13:54:08','2012-12-20 21:31:48','1993-10-22 01:29:47','1984-12-04 23:15:28'),
('79','79','9','2000-02-08 14:17:13','1971-12-05 05:12:00','2000-09-26 01:29:29','1984-09-19 10:17:03'),
('80','80','3','1990-06-20 21:09:29','1972-11-06 13:07:03','1971-05-18 04:20:13','1975-04-26 21:28:03'),
('81','81','3','1999-09-19 06:16:12','1973-04-08 06:25:58','2014-07-05 06:55:51','1990-11-20 07:56:57'),
('82','82','0','2007-07-26 15:58:12','1978-05-25 16:51:35','2009-03-19 02:02:59','2008-01-21 07:10:41'),
('83','83','9','2017-09-23 11:30:19','1994-07-09 17:20:34','1990-11-20 10:46:28','2015-02-11 02:28:20'),
('84','84','4','1975-07-19 10:31:36','2016-01-04 04:00:24','1989-03-23 14:01:17','2002-11-27 15:13:18'),
('85','85','1','2006-05-01 22:06:59','2020-04-15 08:18:21','2009-08-16 09:11:11','1972-03-19 02:49:57'),
('86','86','8','2007-01-26 06:42:19','2013-12-02 11:59:06','2014-12-22 07:02:56','1983-05-28 11:03:42'),
('87','87','1','2015-07-20 19:04:18','2000-12-06 18:41:57','1972-04-12 10:44:56','1985-12-15 07:04:05'),
('88','88','6','1991-02-17 11:27:13','2005-12-07 20:02:14','1999-11-22 17:05:08','1988-07-31 05:27:47'),
('89','89','7','2006-11-19 11:54:50','1985-08-19 18:45:08','2009-07-03 20:15:47','2008-07-08 05:39:41'),
('90','90','1','1981-03-30 20:52:25','1971-09-18 04:21:12','1990-12-14 22:23:37','2008-09-16 21:41:18'),
('91','91','4','1997-04-27 13:47:00','2018-12-29 05:55:41','1988-03-14 14:25:45','1985-02-26 19:18:38'),
('92','92','5','1998-10-23 11:33:16','2018-09-04 20:41:35','1981-09-09 10:29:55','2012-01-05 20:03:19'),
('93','93','1','1979-08-17 05:45:30','1976-11-20 03:42:38','1993-04-03 11:48:55','1979-11-23 17:22:06'),
('94','94','8','1991-07-29 16:43:47','1971-12-21 10:00:19','2001-09-04 20:05:02','1978-06-05 09:30:57'),
('95','95','9','2012-07-26 20:52:45','2013-11-05 03:58:33','1995-06-23 00:19:19','2011-11-28 03:12:21'),
('96','96','1','2019-05-27 02:51:06','1989-04-12 23:39:15','1994-02-10 01:41:01','1972-04-08 02:30:13'),
('97','97','1','1992-02-01 16:01:26','2020-08-26 19:41:36','1991-02-26 22:14:39','1987-03-05 21:11:21'),
('98','98','7','2009-05-25 04:23:33','1985-05-09 23:27:17','1986-08-24 18:46:55','1993-11-30 07:40:02'),
('99','99','5','1970-02-13 23:23:12','2001-10-19 14:54:57','1974-12-08 11:32:32','1981-06-04 13:06:50'),
('100','100','4','2020-10-01 19:44:48','2006-04-05 16:17:04','1982-09-28 04:59:25','2017-06-11 05:05:06'); 


DROP TABLE IF EXISTS `friendship_statuses`;
CREATE TABLE `friendship_statuses` (
  `id` int(10) unsigned NOT NULL AUTO_INCREMENT COMMENT 'Идентификатор строки',
  `name` varchar(150) COLLATE utf8_unicode_ci NOT NULL COMMENT 'Название статуса',
  `created_at` datetime DEFAULT current_timestamp() COMMENT 'Время создания строки',
  `updated_at` datetime DEFAULT current_timestamp() ON UPDATE current_timestamp() COMMENT 'Время обновления строки',
  PRIMARY KEY (`id`),
  UNIQUE KEY `name` (`name`)
) ENGINE=InnoDB AUTO_INCREMENT=201 DEFAULT CHARSET=utf8 COLLATE=utf8_unicode_ci COMMENT='Статусы дружбы';

INSERT INTO `friendship_statuses` VALUES ('101',' relatives','1970-08-27 17:38:11','1998-01-11 09:32:10'),
('102',' none','1981-01-08 18:06:42','2005-05-11 03:08:36'),
('105','friends','2020-08-21 16:11:00','2020-11-13 07:57:55'); 


DROP TABLE IF EXISTS `likes`;
CREATE TABLE `likes` (
  `user_id` int(10) unsigned NOT NULL COMMENT 'Ссылка на пользователя, оставившего лайк',
  `acceptor_id` int(10) unsigned NOT NULL COMMENT 'Ссылка на пользователя, которому адресован лайк',
  `object_id` int(10) unsigned NOT NULL COMMENT 'идентификатор объекта (сообщение, медиа и тп.), которому поставлен лайк',
  `liked_at` datetime DEFAULT current_timestamp() COMMENT 'Время простановки лайка',
  PRIMARY KEY (`user_id`,`acceptor_id`) COMMENT 'Составной первичный ключ'
) ENGINE=InnoDB DEFAULT CHARSET=utf8 COLLATE=utf8_unicode_ci COMMENT='Таблица лайков';

INSERT INTO `likes` VALUES ('1','1','1','2009-08-30 19:45:10'),
('2','2','2','1998-09-09 23:36:32'),
('3','3','3','2003-07-22 05:38:36'),
('4','4','4','1989-07-07 20:57:21'),
('5','5','5','1999-01-10 01:49:05'),
('6','6','6','1974-09-25 00:37:17'),
('7','7','7','2002-08-18 15:56:21'),
('8','8','8','2015-08-03 10:41:34'),
('9','9','9','2001-08-06 18:33:46'),
('10','10','10','1988-03-02 06:15:00'),
('11','11','11','2005-04-18 03:01:12'),
('12','12','12','2014-10-01 17:57:40'),
('13','13','13','1975-02-20 08:21:14'),
('14','14','14','2016-05-12 02:26:03'),
('15','15','15','1995-05-06 09:39:45'),
('16','16','16','1997-07-28 22:43:24'),
('17','17','17','1971-06-03 17:03:19'),
('18','18','18','1983-07-30 23:11:56'),
('19','19','19','1974-12-14 03:45:45'),
('20','20','20','2015-03-02 08:45:36'),
('21','21','21','1994-09-27 00:24:53'),
('22','22','22','2007-11-18 12:58:55'),
('23','23','23','1992-10-03 03:59:09'),
('24','24','24','2018-12-13 01:38:16'),
('25','25','25','1970-06-08 07:44:48'),
('26','26','26','1984-04-08 01:51:26'),
('27','27','27','1995-05-20 23:13:14'),
('28','28','28','2006-05-24 16:43:37'),
('29','29','29','2018-07-15 20:29:47'),
('30','30','30','2006-08-10 12:42:40'),
('31','31','31','2010-12-25 10:20:32'),
('32','32','32','1983-02-05 08:46:05'),
('33','33','33','1997-01-31 00:27:40'),
('34','34','34','1987-09-10 14:15:15'),
('35','35','35','1982-07-03 09:52:16'),
('36','36','36','1985-05-19 23:50:58'),
('37','37','37','2006-09-03 17:18:12'),
('38','38','38','2020-01-20 05:36:27'),
('39','39','39','1986-09-22 01:57:45'),
('40','40','40','1995-02-03 10:29:53'),
('41','41','41','2009-09-12 10:09:49'),
('42','42','42','2011-08-05 16:31:50'),
('43','43','43','1988-10-30 18:09:33'),
('44','44','44','1998-08-29 21:34:34'),
('45','45','45','1989-03-15 04:39:19'),
('46','46','46','1975-07-23 18:29:26'),
('47','47','47','1986-02-23 16:27:53'),
('48','48','48','2007-01-18 16:43:36'),
('49','49','49','2002-06-13 20:37:42'),
('50','50','50','2010-12-17 10:38:05'),
('51','51','51','1979-04-25 06:34:39'),
('52','52','52','1992-08-31 11:28:18'),
('53','53','53','1974-09-01 12:12:20'),
('54','54','54','1997-12-29 11:18:38'),
('55','55','55','1975-01-12 04:29:38'),
('56','56','56','1978-09-17 15:41:41'),
('57','57','57','1990-07-16 14:47:20'),
('58','58','58','1983-01-15 10:34:32'),
('59','59','59','1996-12-01 15:57:22'),
('60','60','60','1970-01-13 12:08:34'),
('61','61','61','1977-03-12 04:21:24'),
('62','62','62','1971-05-05 18:17:27'),
('63','63','63','1983-06-25 17:50:06'),
('64','64','64','2018-12-23 05:25:35'),
('65','65','65','1974-02-27 19:24:35'),
('66','66','66','1987-08-01 16:48:19'),
('67','67','67','1988-01-20 13:47:03'),
('68','68','68','1995-09-15 19:20:27'),
('69','69','69','1977-02-06 12:46:31'),
('70','70','70','1973-09-30 23:14:35'),
('71','71','71','1978-03-05 13:25:02'),
('72','72','72','1971-03-26 19:33:59'),
('73','73','73','1998-08-14 00:48:58'),
('74','74','74','1987-09-30 01:56:12'),
('75','75','75','2004-04-12 04:14:04'),
('76','76','76','2001-07-29 21:48:13'),
('77','77','77','1983-06-27 12:08:10'),
('78','78','78','1971-12-28 03:38:07'),
('79','79','79','2002-11-03 05:26:24'),
('80','80','80','1979-04-08 08:40:17'),
('81','81','81','1988-09-21 23:57:26'),
('82','82','82','1975-02-09 18:44:01'),
('83','83','83','1983-01-13 00:20:33'),
('84','84','84','1983-01-30 05:53:06'),
('85','85','85','2002-02-02 07:15:15'),
('86','86','86','1989-09-05 04:35:51'),
('87','87','87','1975-11-24 23:40:18'),
('88','88','88','2019-03-03 11:55:30'),
('89','89','89','2017-05-06 16:01:32'),
('90','90','90','1983-12-06 21:26:33'),
('91','91','91','2008-04-13 18:12:07'),
('92','92','92','2018-12-20 03:48:36'),
('93','93','93','1973-11-29 02:07:53'),
('94','94','94','1982-03-26 16:12:30'),
('95','95','95','1975-10-07 09:23:27'),
('96','96','96','2010-08-14 11:17:43'),
('97','97','97','2011-05-26 13:12:30'),
('98','98','98','1973-03-01 12:30:47'),
('99','99','99','2002-02-26 20:59:03'),
('100','100','100','2006-01-21 05:03:05'); 


DROP TABLE IF EXISTS `media`;
CREATE TABLE `media` (
  `id` int(10) unsigned NOT NULL AUTO_INCREMENT COMMENT 'Идентификатор строки',
  `user_id` int(10) unsigned NOT NULL COMMENT 'Ссылка на пользователя, который загрузил файл',
  `filename` varchar(255) COLLATE utf8_unicode_ci NOT NULL COMMENT 'Путь к файлу',
  `size` int(11) NOT NULL COMMENT 'Размер файла',
  `metadata` longtext CHARACTER SET utf8mb4 COLLATE utf8mb4_bin DEFAULT NULL COMMENT 'Метаданные файла' CHECK (json_valid(`metadata`)),
  `media_type_id` int(10) unsigned NOT NULL COMMENT 'Ссылка на тип контента',
  `created_at` datetime DEFAULT current_timestamp() COMMENT 'Время создания строки',
  `updated_at` datetime DEFAULT current_timestamp() ON UPDATE current_timestamp() COMMENT 'Время обновления строки',
  PRIMARY KEY (`id`)
) ENGINE=InnoDB AUTO_INCREMENT=101 DEFAULT CHARSET=utf8 COLLATE=utf8_unicode_ci COMMENT='Медиафайлы';

INSERT INTO `media` VALUES ('1','1','minus','99925224',NULL,'1','2020-02-08 17:17:36','1991-08-15 12:24:40'),
('2','2','corrupti','9591669',NULL,'2','1975-12-12 14:59:56','2005-07-02 19:13:24'),
('3','3','autem','7302075',NULL,'3','1996-05-16 08:51:12','1975-04-12 18:00:58'),
('4','4','consequatur','239423929',NULL,'4','1990-05-14 05:55:07','2020-11-25 17:09:29'),
('5','5','magnam','26',NULL,'5','1974-10-10 12:27:42','1993-08-25 12:24:53'),
('6','6','facilis','8008802',NULL,'6','1976-01-13 12:24:00','2002-03-09 18:30:34'),
('7','7','et','92',NULL,'7','2001-07-24 23:21:21','1992-04-07 19:09:13'),
('8','8','incidunt','49739',NULL,'8','2012-11-14 13:38:15','1997-09-29 03:09:37'),
('9','9','quae','70433763',NULL,'9','1994-05-29 13:30:04','1985-03-27 07:06:48'),
('10','10','fugit','973673',NULL,'10','2018-01-15 04:12:51','1993-07-30 22:12:57'),
('11','11','alias','9328992',NULL,'11','1985-04-10 18:57:58','1977-03-22 13:39:19'),
('12','12','non','68',NULL,'12','2009-11-30 06:27:42','1977-10-04 17:01:51'),
('13','13','voluptatem','11153394',NULL,'13','2016-10-04 10:11:06','1977-12-07 04:30:11'),
('14','14','eos','745036800',NULL,'14','1974-06-27 08:06:14','2018-03-12 18:37:37'),
('15','15','blanditiis','7461023',NULL,'15','1978-10-06 11:28:29','2018-02-19 04:58:08'),
('16','16','ipsa','981858',NULL,'16','1983-10-22 04:30:28','1979-02-17 23:10:56'),
('17','17','commodi','410008219',NULL,'17','1992-01-31 11:59:31','2019-06-08 06:25:11'),
('18','18','repellat','41239490',NULL,'18','1993-09-18 23:26:39','1993-10-26 13:34:27'),
('19','19','veniam','600578602',NULL,'19','1973-05-30 15:42:40','2004-01-31 22:39:02'),
('20','20','ut','35465846',NULL,'20','1984-05-10 19:05:04','2002-11-04 08:19:59'),
('21','21','debitis','169283933',NULL,'21','2015-04-02 06:43:15','1982-05-18 03:43:27'),
('22','22','sint','4182',NULL,'22','1971-12-20 07:29:08','1988-10-17 02:26:24'),
('23','23','voluptatum','63',NULL,'23','2019-06-25 21:00:59','1994-11-06 00:33:03'),
('24','24','aliquid','4591',NULL,'24','2016-08-25 23:12:35','1982-03-16 05:06:22'),
('25','25','nihil','1304666',NULL,'25','1987-05-06 13:39:04','2005-08-08 05:02:30'),
('26','26','veniam','589',NULL,'26','1992-11-04 15:24:59','2004-04-25 10:40:47'),
('27','27','tempore','9',NULL,'27','1992-08-31 13:10:43','1997-07-23 01:53:18'),
('28','28','aut','43',NULL,'28','1996-05-24 02:55:03','2011-05-17 19:54:23'),
('29','29','adipisci','807681',NULL,'29','1990-08-18 22:42:22','2020-10-19 00:27:26'),
('30','30','est','0',NULL,'30','1982-05-13 14:08:25','2009-10-11 03:49:52'),
('31','31','et','2563',NULL,'31','2015-12-11 08:50:50','1995-05-20 18:12:00'),
('32','32','eius','99514290',NULL,'32','2010-11-08 23:34:42','2008-05-02 12:03:36'),
('33','33','aliquam','49',NULL,'33','1985-05-03 11:42:18','2008-04-18 01:24:06'),
('34','34','libero','2',NULL,'34','2006-07-28 09:33:48','2013-02-14 07:07:51'),
('35','35','veritatis','0',NULL,'35','1979-03-06 22:50:56','1976-07-05 16:13:29'),
('36','36','assumenda','0',NULL,'36','1978-01-18 01:10:36','1982-03-27 05:15:00'),
('37','37','dolor','7504018',NULL,'37','2003-04-05 12:54:32','1983-03-15 10:56:53'),
('38','38','sint','8895',NULL,'38','1999-07-16 13:24:27','1999-07-22 09:56:01'),
('39','39','velit','32722',NULL,'39','1975-06-28 15:16:40','1972-12-06 00:42:06'),
('40','40','tenetur','28144',NULL,'40','1978-06-16 20:37:59','2000-04-20 18:14:42'),
('41','41','autem','287',NULL,'41','2005-04-06 04:30:57','2001-05-23 19:32:03'),
('42','42','qui','6111482',NULL,'42','1973-06-10 13:12:28','2011-04-16 22:53:47'),
('43','43','qui','11505',NULL,'43','1985-11-24 01:03:50','1976-10-27 05:40:14'),
('44','44','magnam','12',NULL,'44','1990-06-07 21:11:33','1976-09-27 23:56:51'),
('45','45','officiis','1194',NULL,'45','1982-11-10 15:53:26','1996-08-11 20:05:44'),
('46','46','dolorem','7422751',NULL,'46','1990-12-10 18:12:21','1990-07-28 14:57:01'),
('47','47','praesentium','70546',NULL,'47','2004-05-08 23:30:45','2004-09-02 12:35:57'),
('48','48','ipsam','1',NULL,'48','2008-06-25 17:59:20','1992-01-27 19:31:13'),
('49','49','omnis','81690',NULL,'49','1987-01-18 16:24:25','1984-04-26 20:15:57'),
('50','50','alias','7',NULL,'50','2007-02-16 14:12:28','1981-09-25 21:34:07'),
('51','51','molestiae','515997399',NULL,'51','1977-03-20 13:22:27','1971-11-12 10:10:36'),
('52','52','architecto','3920',NULL,'52','2004-08-20 15:08:41','1976-07-11 00:23:23'),
('53','53','aliquid','139059833',NULL,'53','1992-07-20 12:43:07','1981-05-28 12:37:03'),
('54','54','atque','979147',NULL,'54','2009-11-29 22:56:48','1998-03-03 13:12:42'),
('55','55','perferendis','29769742',NULL,'55','1980-05-29 07:28:21','2011-05-15 05:20:24'),
('56','56','reiciendis','0',NULL,'56','1976-01-31 19:01:41','2017-03-21 10:37:10'),
('57','57','velit','0',NULL,'57','1993-12-10 01:44:37','1971-01-16 17:40:48'),
('58','58','possimus','6',NULL,'58','2013-05-09 23:37:14','1997-02-24 04:05:07'),
('59','59','dolor','9121',NULL,'59','2011-04-23 04:22:31','2011-04-14 16:40:43'),
('60','60','praesentium','416',NULL,'60','1999-05-05 20:54:59','2006-07-06 21:17:52'),
('61','61','sed','7295',NULL,'61','1970-10-11 17:42:49','1983-05-14 22:52:10'),
('62','62','dolores','925765',NULL,'62','1998-09-18 04:11:25','2010-02-22 05:54:21'),
('63','63','sint','65343946',NULL,'63','1979-08-01 00:13:45','1988-11-18 07:22:38'),
('64','64','fugit','8691',NULL,'64','1993-01-23 15:41:11','2013-10-09 10:35:46'),
('65','65','optio','4951566',NULL,'65','2000-03-21 04:46:41','2007-03-22 15:32:30'),
('66','66','sapiente','588061',NULL,'66','2008-06-16 22:54:11','1996-06-04 11:28:09'),
('67','67','aliquam','208748616',NULL,'67','1999-09-01 04:06:14','1981-06-16 15:58:20'),
('68','68','praesentium','1167',NULL,'68','2016-12-17 13:16:07','1982-03-03 20:08:19'),
('69','69','autem','690045784',NULL,'69','1987-06-21 00:49:44','1996-12-13 03:33:04'),
('70','70','sunt','2280237',NULL,'70','1984-05-24 15:58:29','1993-06-02 17:07:51'),
('71','71','quas','7321',NULL,'71','2019-12-26 19:04:29','2005-10-31 08:25:23'),
('72','72','error','593',NULL,'72','1984-06-20 11:34:40','1988-09-07 08:13:10'),
('73','73','quis','4847',NULL,'73','2008-10-09 12:36:44','2010-05-06 22:20:43'),
('74','74','nihil','751639',NULL,'74','2010-04-13 23:57:03','1997-05-17 08:35:45'),
('75','75','ratione','97',NULL,'75','2012-11-18 16:33:16','2004-04-22 04:46:46'),
('76','76','delectus','59',NULL,'76','1995-03-10 16:08:25','1977-10-14 12:52:31'),
('77','77','consectetur','93160374',NULL,'77','2000-06-09 07:47:02','2017-11-09 12:53:05'),
('78','78','iure','292336',NULL,'78','1977-01-10 10:25:01','1994-04-24 23:52:47'),
('79','79','magni','60177636',NULL,'79','2014-08-07 04:30:02','1997-10-23 07:31:56'),
('80','80','dolorem','816279625',NULL,'80','1981-05-23 15:05:14','2005-02-11 02:51:27'),
('81','81','aut','0',NULL,'81','1992-03-06 04:36:42','2003-07-19 22:53:41'),
('82','82','voluptatum','7',NULL,'82','2015-12-20 01:21:06','1988-12-13 00:32:42'),
('83','83','recusandae','11',NULL,'83','1974-09-10 14:24:26','2019-05-11 04:15:45'),
('84','84','id','6422',NULL,'84','1996-05-01 10:02:22','1986-01-17 16:23:14'),
('85','85','nisi','9915',NULL,'85','1980-06-22 20:51:48','1977-09-04 00:34:02'),
('86','86','error','939868',NULL,'86','2012-11-13 22:31:23','1986-06-19 13:03:08'),
('87','87','veniam','84',NULL,'87','1989-03-09 05:39:47','1973-12-22 22:08:38'),
('88','88','nobis','183',NULL,'88','2018-08-07 06:35:26','1991-04-07 01:40:55'),
('89','89','voluptatum','4',NULL,'89','1994-09-02 09:37:38','1978-08-24 08:23:05'),
('90','90','nulla','867',NULL,'90','2002-01-27 21:38:08','1999-09-07 21:17:03'),
('91','91','et','478479',NULL,'91','1988-09-24 23:01:12','2004-02-19 04:34:38'),
('92','92','in','0',NULL,'92','2013-06-12 05:28:52','2013-07-17 19:58:15'),
('93','93','minus','4624446',NULL,'93','2012-01-07 10:05:32','2004-08-31 19:47:31'),
('94','94','illum','907',NULL,'94','2013-06-27 19:01:59','1996-08-03 21:18:51'),
('95','95','cumque','56253344',NULL,'95','1994-12-27 22:38:46','1995-03-21 01:06:19'),
('96','96','et','911',NULL,'96','2010-12-23 16:40:47','1998-11-15 19:28:23'),
('97','97','autem','48192641',NULL,'97','1987-02-02 06:26:32','1977-07-13 07:21:15'),
('98','98','accusamus','3212400',NULL,'98','2005-05-26 18:32:14','2015-01-02 19:55:31'),
('99','99','sit','917',NULL,'99','1977-08-19 03:57:10','2014-01-04 07:43:40'),
('100','100','voluptate','294',NULL,'100','2020-06-14 22:28:09','2002-08-23 17:37:11'); 


DROP TABLE IF EXISTS `media_types`;
CREATE TABLE `media_types` (
  `id` int(10) unsigned NOT NULL AUTO_INCREMENT COMMENT 'Идентификатор строки',
  `name` varchar(255) COLLATE utf8_unicode_ci NOT NULL COMMENT 'Название типа',
  `created_at` datetime DEFAULT current_timestamp() COMMENT 'Время создания строки',
  `updated_at` datetime DEFAULT current_timestamp() ON UPDATE current_timestamp() COMMENT 'Время обновления строки',
  PRIMARY KEY (`id`),
  UNIQUE KEY `name` (`name`)
) ENGINE=InnoDB AUTO_INCREMENT=101 DEFAULT CHARSET=utf8 COLLATE=utf8_unicode_ci COMMENT='Типы медиафайлов';

INSERT INTO `media_types` VALUES ('1','aut','2003-08-01 13:50:45','1998-05-06 06:48:12'),
('2','soluta','1982-11-23 08:49:24','2013-11-12 21:02:16'),
('3','sed','1989-07-22 21:13:19','1979-05-24 20:43:08'),
('4','officiis','1989-02-09 16:26:34','1980-10-17 21:14:18'),
('5','rerum','2000-11-14 01:17:59','2018-11-05 08:15:50'),
('6','quae','1995-12-01 21:27:55','1983-04-25 15:59:17'),
('7','consectetur','1999-04-03 01:10:20','2006-05-12 20:42:47'),
('8','odio','2014-01-02 05:29:51','2017-05-21 04:55:17'),
('9','aperiam','2020-06-17 15:18:13','1976-07-28 18:51:09'),
('10','iusto','1978-10-20 21:39:28','1986-07-01 15:02:37'),
('11','voluptate','2013-11-28 14:35:33','1995-03-25 10:11:36'),
('12','velit','1973-12-03 17:52:42','2019-11-05 12:28:46'),
('13','enim','2004-02-17 06:52:27','1973-07-15 06:52:37'),
('14','in','2010-12-04 12:50:07','2007-10-26 07:20:10'),
('15','assumenda','2002-09-26 11:36:36','2006-01-13 14:20:14'),
('16','rem','1974-07-20 07:58:07','1982-10-11 09:54:10'),
('17','modi','2013-02-18 15:48:34','1988-12-06 15:16:00'),
('18','dolores','1995-03-14 11:24:00','2011-10-24 12:15:17'),
('19','et','2018-01-29 09:46:36','2004-12-21 18:35:47'),
('20','quis','1990-04-20 17:25:53','2004-05-02 22:19:51'),
('21','exercitationem','1990-11-14 14:57:08','2012-01-21 12:37:49'),
('22','saepe','2010-11-13 17:09:38','1979-08-07 10:44:56'),
('23','delectus','2000-12-03 14:24:32','1997-04-06 04:37:52'),
('24','ex','1996-05-14 14:23:44','1994-09-07 10:31:09'),
('25','provident','1977-06-30 11:59:20','2020-04-01 01:04:25'),
('26','quia','2019-07-05 14:33:16','1972-10-25 11:14:20'),
('27','magni','2003-10-15 14:38:24','2004-02-21 01:13:48'),
('28','amet','1977-03-05 12:01:14','2000-09-02 20:02:34'),
('29','cumque','2017-10-03 15:19:27','2007-09-11 01:19:04'),
('30','debitis','2018-10-01 10:03:49','1998-11-09 14:11:54'),
('31','nemo','2000-01-06 22:34:53','1984-07-16 06:42:14'),
('32','quidem','2011-06-14 05:24:10','1979-11-29 08:26:04'),
('33','reprehenderit','2012-03-08 22:47:54','2017-06-18 07:59:48'),
('34','eligendi','1975-07-05 19:08:25','1993-03-28 00:58:44'),
('35','accusamus','1977-02-16 00:25:36','2013-07-23 01:14:36'),
('36','perspiciatis','2016-10-22 15:00:25','1971-07-21 03:52:43'),
('37','dolor','1990-10-08 17:50:17','2015-09-25 14:05:48'),
('38','nihil','1975-06-12 18:01:24','1993-02-26 20:14:29'),
('39','voluptas','1971-04-10 21:29:18','1997-10-15 16:54:35'),
('40','ut','1979-01-31 19:51:32','2013-07-24 20:18:23'),
('41','culpa','1987-02-05 20:13:52','1987-12-08 04:41:10'),
('42','placeat','1979-03-06 06:08:28','1979-05-17 19:01:56'),
('43','dolorum','1995-01-05 14:20:23','2008-06-11 19:57:23'),
('44','sit','1984-07-02 09:59:45','2006-01-01 13:37:03'),
('45','officia','2014-09-18 23:50:18','1993-08-28 00:07:57'),
('46','minima','2012-03-08 03:32:52','1978-05-09 04:28:42'),
('47','dolore','2017-10-26 07:30:29','1991-10-19 09:31:33'),
('48','voluptatibus','1998-10-29 16:17:05','2001-07-22 07:16:26'),
('49','illum','2003-05-03 14:00:47','2016-09-17 01:28:36'),
('50','iste','1998-06-02 22:50:17','1993-02-03 13:23:43'),
('51','qui','1994-08-11 08:59:38','2001-02-07 08:01:31'),
('52','consequuntur','2007-12-05 00:09:06','2002-06-10 11:31:28'),
('53','quos','2004-01-23 12:23:03','1971-01-20 03:22:25'),
('54','voluptatem','1996-12-28 11:18:06','1992-01-29 03:43:37'),
('55','tempora','2000-05-01 06:39:28','2006-12-17 02:37:17'),
('56','eum','2009-05-17 19:30:41','1987-12-25 13:22:09'),
('57','ab','1991-06-17 10:29:50','1990-04-22 01:12:51'),
('58','est','1979-11-07 04:37:18','1997-10-18 13:23:03'),
('59','ipsa','1971-03-26 06:43:02','2006-01-05 23:08:22'),
('60','necessitatibus','2018-03-14 04:52:32','2006-06-07 05:07:56'),
('61','beatae','1976-09-29 16:36:27','2018-02-20 22:23:01'),
('62','error','2011-01-03 19:07:26','2004-06-24 22:46:29'),
('63','ad','1999-11-02 03:54:31','2015-02-25 07:21:25'),
('64','labore','1987-11-30 08:55:57','2010-10-06 13:29:40'),
('65','ducimus','2009-01-30 15:45:41','1977-09-01 14:10:40'),
('66','dicta','2012-05-13 10:41:22','2006-05-08 21:27:23'),
('67','quo','2014-07-31 11:45:48','1998-06-03 22:15:29'),
('68','ullam','2002-08-31 01:31:19','2003-05-01 01:58:06'),
('69','repellendus','1999-02-15 00:25:30','1974-02-17 01:07:35'),
('70','nobis','1993-12-22 06:43:21','1979-04-29 09:35:41'),
('71','tempore','2020-10-01 15:47:59','1984-08-03 12:15:36'),
('72','excepturi','1970-03-13 18:30:48','2011-11-25 07:31:45'),
('73','explicabo','2009-11-07 08:19:54','1988-12-08 20:29:35'),
('74','omnis','1972-01-25 14:14:39','2020-06-19 15:19:01'),
('75','laborum','1971-11-15 09:46:17','1970-10-14 23:22:24'),
('76','tenetur','1988-11-20 11:32:58','1982-08-12 17:53:35'),
('77','pariatur','1986-11-12 04:16:39','2009-05-27 06:57:11'),
('78','dignissimos','1992-10-19 16:12:26','1982-01-24 05:27:58'),
('79','aliquam','1996-08-28 10:35:05','2020-02-10 02:02:26'),
('80','illo','2005-01-23 00:41:04','1990-02-13 02:12:19'),
('81','asperiores','2018-11-09 20:10:14','1985-11-12 00:45:15'),
('82','sint','1972-04-12 06:11:26','2016-09-21 12:02:01'),
('83','blanditiis','1994-12-01 03:51:09','2000-10-14 08:57:22'),
('84','voluptates','1974-01-25 06:55:25','2016-08-22 01:23:53'),
('85','vero','1986-10-19 16:05:47','1979-05-12 15:54:14'),
('86','id','1989-04-14 16:25:40','1996-04-25 05:08:42'),
('87','recusandae','2008-01-27 05:57:56','2019-05-31 10:40:14'),
('88','quisquam','1981-09-07 01:09:51','1984-07-22 05:49:30'),
('89','cupiditate','1990-10-09 16:24:11','1979-02-14 23:46:37'),
('90','esse','1983-11-27 11:01:06','2004-12-13 02:02:42'),
('91','veritatis','2017-05-25 21:14:46','1997-10-27 23:47:53'),
('92','possimus','1979-07-14 17:13:57','1971-03-24 10:17:38'),
('93','ea','1991-03-17 23:01:32','2008-01-19 01:31:21'),
('94','facilis','2011-05-24 16:47:36','2012-08-09 18:27:23'),
('95','eos','1979-03-06 04:49:42','1977-08-08 14:22:04'),
('96','at','1974-10-10 20:54:06','1997-04-28 04:38:25'),
('97','non','1974-04-03 20:13:32','2020-04-09 03:24:18'),
('98','similique','1982-06-18 03:01:25','2003-09-24 03:59:31'),
('99','commodi','2009-06-02 09:23:33','2008-01-22 09:52:37'),
('100','nam','1999-01-30 17:49:34','1976-03-22 23:03:25'); 


DROP TABLE IF EXISTS `messages`;
CREATE TABLE `messages` (
  `id` int(10) unsigned NOT NULL AUTO_INCREMENT COMMENT 'Идентификатор строки',
  `from_user_id` int(10) unsigned NOT NULL COMMENT 'Ссылка на отправителя сообщения',
  `to_user_id` int(10) unsigned NOT NULL COMMENT 'Ссылка на получателя сообщения',
  `body` text COLLATE utf8_unicode_ci NOT NULL COMMENT 'Текст сообщения',
  `is_important` tinyint(1) DEFAULT NULL COMMENT 'Признак важности',
  `is_delivered` tinyint(1) DEFAULT NULL COMMENT 'Признак доставки',
  `created_at` datetime DEFAULT current_timestamp() COMMENT 'Время создания строки',
  `updated_at` datetime DEFAULT current_timestamp() ON UPDATE current_timestamp() COMMENT 'Время обновления строки',
  PRIMARY KEY (`id`)
) ENGINE=InnoDB AUTO_INCREMENT=101 DEFAULT CHARSET=utf8 COLLATE=utf8_unicode_ci COMMENT='Сообщения';

INSERT INTO `messages` VALUES ('1','1','1','Ipsam quo consequuntur voluptatem voluptatem deleniti. Consequatur ab quis quos laboriosam. Consequatur fugit libero ullam molestias.','0','1','1986-01-06 00:46:28','1998-11-28 21:29:10'),
('2','2','2','Similique eum dolor laborum doloribus assumenda reiciendis quam. Sunt natus minus dolorem enim quia. Consequatur voluptatem recusandae enim.','1','1','1993-12-05 02:03:16','2017-10-06 20:37:41'),
('3','3','3','Illo tempora explicabo ut impedit sed quos iste. Magnam exercitationem voluptatem porro ut. Cumque aut cumque expedita aut. Laboriosam magnam rerum dolores voluptatem expedita consequatur.','1','0','2003-04-04 22:03:22','1986-12-30 23:28:34'),
('4','4','4','Ullam voluptas repudiandae at unde. Repellendus placeat et quisquam id eum beatae. Ullam consequatur incidunt ipsum aperiam velit quod voluptatibus asperiores.','0','1','1991-11-29 22:48:50','1994-04-25 05:32:26'),
('5','5','5','A quaerat impedit distinctio repellat assumenda ex odit. Dolorum eius enim vero neque. Accusamus reprehenderit architecto omnis. Incidunt sint fugit quis suscipit voluptatem quaerat.','0','1','1972-01-15 21:58:40','1992-12-23 22:21:26'),
('6','6','6','Ullam id et aliquam omnis. Sint esse quo magnam cum deleniti. Consequuntur accusamus velit distinctio nisi voluptas.','1','0','2004-04-17 19:45:33','1984-12-26 23:53:16'),
('7','7','7','Dolorem necessitatibus voluptatibus architecto blanditiis ut. Excepturi ducimus dolores perferendis placeat quas ut. Quidem ipsam provident ducimus libero magnam est eveniet. Iste ut et praesentium modi et mollitia ea.','1','1','2014-01-07 15:19:38','1986-11-21 07:01:40'),
('8','8','8','Quia id pariatur molestias sapiente debitis voluptas. Dignissimos aspernatur nihil quia autem laboriosam. Veritatis iure dolorum non minus.','0','1','2015-03-15 16:17:14','2013-08-25 19:58:44'),
('9','9','9','Qui non et praesentium qui laboriosam delectus aut. Earum repellendus quod voluptatem omnis odit quia. Voluptatem dolor quis explicabo et laborum sunt.','0','0','2003-04-29 15:45:44','1980-05-31 08:25:53'),
('10','10','10','Sequi vel aliquam ut vel odit ad. Voluptatem dolore dicta eius quia qui accusantium mollitia. Non minus sed sapiente repellendus. Aliquam quibusdam quis hic autem voluptate occaecati. Omnis rerum et necessitatibus quidem.','0','1','2017-07-19 01:19:40','2008-05-26 12:55:04'),
('11','11','11','Repellendus quis debitis dolor perferendis enim perspiciatis perferendis molestiae. Voluptates accusantium molestias laudantium sed nostrum expedita dolore. Quia est possimus quo ea aut at. Consequatur et id quo minima quam modi.','0','1','2012-12-25 06:48:50','1993-07-02 15:20:34'),
('12','12','12','Quod doloremque ipsam quaerat sunt ut et et. Facere dolorem id dolore velit omnis et maiores exercitationem. Voluptas et voluptatem nostrum deserunt ipsam velit similique. Quod libero nobis debitis cumque ex. Perferendis sapiente corporis et cumque optio.','1','0','2005-01-30 22:58:50','2013-06-12 04:54:00'),
('13','13','13','Quo autem quis facilis sunt voluptatibus quibusdam. Laboriosam quo harum et accusamus. Sed tenetur aliquid aut aut aperiam. Corporis voluptate quae velit tempora ut qui.','1','1','1974-03-19 01:52:05','1978-01-27 20:50:01'),
('14','14','14','Molestiae nihil dolorem vitae fugiat aut eveniet cum ea. Autem iure autem ut ut libero error eos. Consequatur veniam quo non voluptatum eos non consequatur.','0','0','1975-12-01 01:10:58','2000-07-12 09:42:02'),
('15','15','15','Quam nulla eaque placeat voluptatibus laborum voluptatem qui. Reprehenderit et dignissimos nisi. Praesentium sint esse quis sed aliquam id nihil tempora. Quidem omnis ut eaque sequi ad.','1','0','2003-02-25 16:08:38','2001-03-29 19:18:43'),
('16','16','16','Sunt et est odio vel enim non corporis. Est velit voluptatem nulla ut. Numquam mollitia in voluptas.','1','0','1989-08-07 02:59:46','1988-07-03 23:58:55'),
('17','17','17','Amet voluptatum expedita nihil numquam. Est possimus neque rem quia. Facilis accusantium est eligendi aspernatur ut qui. Et mollitia blanditiis sequi exercitationem.','0','1','2018-09-22 05:16:15','1972-08-25 08:11:46'),
('18','18','18','Ea quam repudiandae est non dolorum aliquam omnis. Est rerum est mollitia. Consequatur sunt quo laudantium commodi sit est omnis.','0','0','1971-12-21 03:07:29','1986-09-03 03:31:04'),
('19','19','19','Alias ut molestias consequatur ipsum. Dolores quam fugiat magni culpa ab. Et veritatis quo doloremque earum ab vitae corrupti. Eveniet omnis et omnis omnis molestias repudiandae.','1','1','2018-09-30 17:25:00','2019-05-20 17:30:25'),
('20','20','20','Eaque qui voluptates voluptas expedita animi. Architecto ut accusantium sed eius nihil odio. Tempora ut voluptas minus ex. Esse neque quo eos laborum placeat praesentium provident. Laboriosam fuga officia laborum sunt nulla.','0','1','1988-09-14 18:06:41','2014-11-21 09:15:48'),
('21','21','21','Excepturi dolore vitae voluptates molestiae. Illum consequuntur voluptates rerum ea dolores debitis et. Quia velit sint facilis perferendis sint nesciunt.','1','1','2010-04-20 11:04:10','1984-11-20 00:03:53'),
('22','22','22','Ut reiciendis vel provident nulla quia ut. Fugiat nemo labore consequatur consequatur. Earum pariatur a fugit et. Quis autem architecto numquam non non quis.','1','0','1981-07-08 01:29:27','1996-07-20 19:40:46'),
('23','23','23','Dolores rerum nam molestiae consequatur voluptatem. Quia esse doloremque nulla dolores iste dolores aut.','1','1','1996-03-29 15:34:35','1977-05-11 04:52:18'),
('24','24','24','Voluptatem sunt porro enim ullam amet. Quo est incidunt est perferendis quia quis quae. Aspernatur ex blanditiis fugit est labore deserunt.','0','0','2006-12-16 23:32:46','1974-08-31 04:06:26'),
('25','25','25','Dolores voluptas soluta tempora quam aperiam et. Quo autem voluptas magni et sunt. Amet voluptatum voluptatem perspiciatis nulla.','1','0','1991-03-05 12:57:08','2013-09-19 07:38:01'),
('26','26','26','Omnis et ipsam quia voluptas architecto aperiam. Quasi adipisci at nostrum quia nesciunt. Labore quis dolores aut id fugiat et.','0','1','2020-04-01 18:41:44','1972-12-20 01:01:50'),
('27','27','27','Laudantium eos fugit quo vitae. A id iure fuga laudantium voluptatem dolorum ut quidem. Sequi saepe qui ullam quasi inventore quidem.','1','1','2004-11-24 21:05:18','1977-03-07 06:40:18'),
('28','28','28','Porro fugiat quam quos ut est aspernatur in. Magni consectetur et possimus fugiat qui. Labore id illum iste dolores ut dolorem voluptatem minus.','1','1','2006-09-17 08:20:50','1980-10-22 04:12:45'),
('29','29','29','Voluptatibus voluptates libero est recusandae. Molestias iusto animi placeat. Aut quis consectetur nihil id dignissimos.','1','1','1995-05-01 20:37:02','2015-05-11 07:19:41'),
('30','30','30','Soluta quas autem eius labore. Eaque aut ex quia.','0','0','1996-09-28 05:32:56','1971-04-06 13:41:34'),
('31','31','31','Animi libero ad maxime nisi provident minima ut. Vel fuga repellendus cupiditate quisquam. Qui vero quibusdam rerum ut pariatur. Non et quo odit quia facilis ut est.','0','0','1994-05-15 21:38:11','1974-10-31 18:45:32'),
('32','32','32','Cum voluptates sunt nihil eligendi sed et quia. Tempore autem iusto excepturi enim sint possimus est. Repellendus facere ducimus fuga consequatur soluta asperiores.','0','1','1992-12-05 21:42:01','2008-04-23 04:17:58'),
('33','33','33','Id rem cupiditate ut incidunt aperiam expedita. Cupiditate itaque praesentium eos dolore. Consectetur rem iure quidem quaerat eos et id.','0','1','1991-12-10 22:05:48','2007-01-20 10:51:26'),
('34','34','34','Amet deleniti est ut esse quia. Est quos praesentium et rem. Enim sint molestiae ad eligendi occaecati consectetur deserunt. Quo provident et repudiandae voluptatem ad ad.','0','0','1982-07-21 22:56:19','2015-02-07 23:12:01'),
('35','35','35','Enim numquam esse qui natus molestiae. Est quod qui repellendus quibusdam.','1','0','2015-07-01 04:50:30','2008-10-04 01:39:21'),
('36','36','36','Dolor sequi voluptas optio vero sit voluptas porro. Voluptatibus velit eum ducimus officiis aliquam aperiam. Odio iste quia dolores aut. Omnis quisquam voluptatem blanditiis. Tempora maiores omnis nulla.','1','0','1986-11-18 08:39:26','2003-09-11 01:46:18'),
('37','37','37','Ducimus inventore occaecati vel voluptas. Necessitatibus voluptatem et dicta ut in beatae perferendis.','0','1','2001-01-16 04:55:06','1975-04-12 05:57:16'),
('38','38','38','Voluptatem quis quos corporis sint totam. Sint ut omnis consequatur harum fugit tempora. Sed distinctio enim dolorum qui dignissimos.','0','0','1978-03-20 06:09:26','1984-04-26 14:32:05'),
('39','39','39','Eveniet nemo est qui qui rerum qui consequatur optio. Accusamus magnam aut distinctio soluta ut fuga. Ex nesciunt reiciendis nihil aliquid excepturi. Id dolor qui sit et recusandae veritatis.','0','1','1985-10-07 04:38:56','1982-09-24 10:17:20'),
('40','40','40','Repellat molestiae rerum sint esse minus magnam. Rem cum nihil quos excepturi est sapiente ex. In blanditiis maxime quas est nisi fugit.','1','1','2005-10-24 01:26:43','1975-04-29 21:10:18'),
('41','41','41','Minus harum vel blanditiis corrupti voluptatem. Architecto consectetur aut rerum adipisci rerum excepturi ut porro. Et consequatur non tenetur eligendi voluptas doloribus.','0','0','2014-10-25 23:10:36','2017-03-13 21:43:01'),
('42','42','42','Aut eaque incidunt et quia iure cum. Ullam voluptatem accusantium explicabo id pariatur harum. Iure delectus adipisci dicta occaecati. Numquam tempore et architecto sed corrupti repellat temporibus.','0','0','1993-01-22 20:21:42','1972-11-04 01:49:10'),
('43','43','43','Dolores quos autem sed sit ipsum. Dolore sapiente quia iure architecto magnam molestias vel. In cupiditate modi repellat ipsa corrupti architecto. Earum nesciunt facilis voluptatem accusamus.','1','1','2006-08-11 06:52:59','2001-12-18 08:09:01'),
('44','44','44','Cumque dicta enim et expedita et ratione et ea. Incidunt harum beatae sit quae. Rem est autem animi.','1','1','1975-06-27 06:39:51','1972-08-17 23:25:24'),
('45','45','45','Omnis incidunt blanditiis molestiae sunt. Autem iure qui vel omnis est est minus. Minima sunt sint omnis ullam occaecati. Molestiae et ipsa sit nisi nihil consequuntur.','0','0','1986-06-26 12:14:41','2011-01-08 05:08:45'),
('46','46','46','Omnis nulla velit incidunt vel sunt et ex. Omnis dolores eaque sed repudiandae ipsam voluptatem quo. Aliquid dolor illo blanditiis dolor vel repellendus tenetur. Omnis illum iste maiores et dolorem suscipit. Molestiae sed temporibus et atque eum eum est.','1','0','1972-07-03 07:18:26','2007-01-28 22:33:30'),
('47','47','47','Quae reiciendis voluptates omnis quis temporibus ex aliquid nihil. Rerum delectus ut et est ad tempore aut quia. Dolor possimus veniam a et exercitationem. Nemo fuga voluptas libero impedit tempore adipisci.','1','1','1976-08-10 14:22:34','2004-11-03 04:48:56'),
('48','48','48','Eius illo vitae maxime amet et in. Voluptas iste corporis est nobis quo corrupti nihil. Quia et laboriosam beatae ut ex aut deleniti et.','0','0','1975-10-31 14:38:01','2006-08-23 09:31:43'),
('49','49','49','Quae cupiditate optio nihil reiciendis molestias delectus ad. Dolorum officia at minus deserunt doloribus sapiente. Eos et inventore omnis et veritatis commodi deleniti. Fugiat excepturi vel non cumque ducimus error libero eos.','0','1','1977-12-15 04:28:44','1983-07-31 22:45:24'),
('50','50','50','Commodi a distinctio nisi laboriosam iste tempora. Quis sed voluptatum impedit repellendus odit architecto. Perspiciatis vitae facere aut quaerat. Omnis dolores qui ut quia a.','0','1','2002-11-30 16:39:55','1979-12-28 23:33:11'),
('51','51','51','Deserunt mollitia adipisci eos. Voluptatem tempore molestiae unde repudiandae nulla hic. Rerum sunt architecto et. Nostrum sed et omnis velit vitae a ipsam.','1','1','1989-02-03 10:34:57','2014-07-27 19:21:03'),
('52','52','52','Cumque animi dolores soluta sequi dolor quaerat sit blanditiis. Alias facilis alias fugiat repudiandae nobis et.','1','0','1997-02-13 13:15:10','1986-03-11 13:17:14'),
('53','53','53','Non sapiente voluptatem consectetur modi voluptatem natus qui. Est quidem aut sunt accusantium. In ea non est fugit vel voluptas. Placeat enim culpa sequi labore possimus quis iusto quod.','1','0','2009-09-09 02:56:17','1973-04-02 00:26:07'),
('54','54','54','Minima eligendi libero rerum iusto et fugit. Reiciendis hic officiis culpa sit alias. Totam iste et exercitationem.','1','0','2013-09-03 10:06:57','2012-04-24 06:53:43'),
('55','55','55','Quae ab quibusdam ipsa officia est architecto. In vel possimus sunt dolores. Consequatur voluptatem cum fugiat quae est animi eum. Blanditiis dolorum voluptatem dolores doloribus sint tempora ea.','1','1','2002-05-26 10:41:21','1975-04-28 20:02:35'),
('56','56','56','Qui nihil et labore qui exercitationem. Aliquid dolore et nihil molestiae explicabo. Id iusto qui omnis ea. Rerum dolorum earum distinctio deleniti aut eum saepe.','1','1','2011-07-20 11:15:37','1979-03-24 21:27:32'),
('57','57','57','Dolor qui sed earum et. Sint cupiditate fuga iste cupiditate aliquam rem nam. Minima exercitationem sed illo sunt optio asperiores incidunt sit.','0','0','1971-07-31 15:32:59','2011-12-11 21:15:48'),
('58','58','58','Aut nihil nesciunt provident ab praesentium cum. Quod quo qui nostrum magnam ex est quo. Quia doloribus ex totam vitae consectetur iusto aliquam. Cumque at molestiae ut officia labore rerum.','0','0','2018-12-14 09:37:17','1997-04-25 06:21:04'),
('59','59','59','Autem voluptatem commodi fugiat necessitatibus consequatur omnis. Ut accusamus minus assumenda dolore nulla maxime nisi rem. Maiores sed est est aspernatur labore nisi aut omnis.','1','0','2012-06-27 02:48:48','1998-02-09 17:35:06'),
('60','60','60','A quia provident ratione. Cupiditate id ut quia quia aut sapiente velit. Laudantium unde earum itaque dolorem fugiat. Velit dignissimos atque et qui omnis in aspernatur.','1','1','1997-02-19 12:34:44','2009-05-01 16:05:34'),
('61','61','61','Veniam rerum quaerat porro nihil reiciendis. Aliquid quia hic voluptatem. Vel quae voluptas quia qui cupiditate ratione in est.','1','1','1995-06-18 11:32:39','1974-09-27 19:19:24'),
('62','62','62','Voluptatibus nihil pariatur porro quia consequuntur iure. Pariatur dolor consequuntur voluptatem aut mollitia doloremque eum. Doloremque et autem et exercitationem sunt et impedit. Libero consequatur maiores sed commodi.','1','0','1993-10-28 12:15:45','2020-06-03 07:17:53'),
('63','63','63','Sunt libero est et qui. Voluptatem est voluptate quasi autem modi et illum. Quos blanditiis omnis quo in quaerat. Sit nihil exercitationem dolorem perspiciatis corrupti nihil.','1','0','2008-01-19 02:18:21','1986-04-23 09:09:58'),
('64','64','64','Quibusdam eum sint eius natus dolorem. Enim dicta blanditiis officiis quo odio quam. Sint pariatur qui deserunt dolores omnis repellendus excepturi. Sapiente unde beatae id at velit commodi.','1','1','1993-05-03 13:43:10','1972-12-21 11:00:36'),
('65','65','65','Qui non autem sit omnis tenetur alias qui. Dolor voluptatem exercitationem nostrum. Magni vero in deleniti aut. Ipsum molestias modi delectus.','0','1','2018-04-14 00:39:20','2011-05-19 19:09:29'),
('66','66','66','Ipsam iusto reprehenderit at qui. Voluptatem quod occaecati libero impedit et voluptatem dolor. Sit nam aspernatur veritatis voluptatem reiciendis libero amet.','0','0','1975-06-04 07:35:35','2017-04-13 04:28:35'),
('67','67','67','Itaque voluptatem nihil facilis ut dicta nam illum fugit. Deserunt amet ab vel nam repellat optio. Magnam voluptatem sint sed consequatur nesciunt ad. Sit laboriosam facilis saepe et. Deleniti commodi earum adipisci hic delectus vel.','0','0','2005-05-17 21:35:10','1970-09-18 10:33:10'),
('68','68','68','Iusto saepe provident ut dolorum officia illum cupiditate occaecati. A aut ea inventore.','1','1','1979-07-06 00:02:38','1996-09-10 06:19:19'),
('69','69','69','Tempora perspiciatis et deleniti. Qui nihil tenetur beatae qui culpa. Aliquam rerum laboriosam voluptatem omnis. Assumenda officiis sit doloremque voluptas architecto.','1','0','1982-01-30 17:43:50','1971-07-24 20:31:19'),
('70','70','70','Eius amet quis et nulla culpa magni. Non illum non pariatur dolorem quo.','0','1','1976-01-01 02:43:28','2003-08-05 18:29:31'),
('71','71','71','Earum quia excepturi sint adipisci. Distinctio minus fugiat totam maxime veniam. Qui architecto nihil et. Veniam nesciunt facere consequatur voluptates. Hic labore recusandae rerum asperiores eveniet nihil voluptatem qui.','1','0','2006-03-12 06:15:06','2003-02-11 01:01:09'),
('72','72','72','Facere harum enim est architecto tempore vel numquam. Voluptatem deleniti autem et maiores optio ducimus. Et esse voluptas excepturi. Quaerat nisi omnis facilis laudantium occaecati.','1','0','1989-07-20 12:34:35','2004-02-28 03:28:35'),
('73','73','73','Incidunt quis possimus et quo quibusdam. Sint aut ex consequatur enim et maiores. Repellendus voluptatem est doloribus repellat.','1','0','1977-07-25 17:51:18','2003-12-16 14:58:42'),
('74','74','74','Architecto alias corrupti corrupti omnis. Quia dolorum quos laboriosam vel quaerat. Occaecati voluptas at ut ad deserunt beatae.','0','1','1978-05-15 07:28:47','1991-03-23 23:48:23'),
('75','75','75','Est itaque adipisci est voluptatem incidunt sequi quae. Veniam est velit illum. Odit sapiente quas dolores fugit perspiciatis. Et autem odio ut nisi aliquam fugit ut.','1','0','2007-02-22 02:29:24','1991-10-22 13:57:03'),
('76','76','76','Asperiores aperiam est et dignissimos omnis. Voluptas et ab sunt voluptas architecto ipsam.','1','0','2011-04-21 06:04:49','1973-02-09 19:31:03'),
('77','77','77','Ut sint saepe tempora culpa. Saepe libero rem et voluptates vitae. Laudantium cum porro ut totam deleniti fugit doloribus impedit. Nesciunt cumque dolore sint qui vel.','1','0','2000-11-13 05:39:30','1980-11-07 11:36:49'),
('78','78','78','Praesentium rerum quae aut repudiandae et. Quasi eum ducimus molestias qui delectus commodi. Vitae quis aliquid accusantium impedit quod.','0','0','1992-01-06 02:46:35','1986-05-19 19:10:45'),
('79','79','79','Laborum commodi magni dolor cum architecto sint. Vel dolores facilis dolorum qui earum sit odio.','0','0','1981-10-02 04:47:13','2009-12-07 15:20:49'),
('80','80','80','Maxime autem magni quia veritatis odit eum. Et voluptatem praesentium ipsam tempore nobis sed. Vel voluptatum praesentium neque aut sapiente. Quam architecto accusamus esse eligendi.','1','1','1973-03-08 12:59:31','2017-08-29 19:24:57'),
('81','81','81','Vel aut eaque quo occaecati ea deleniti inventore molestias. In aut enim perferendis doloremque cupiditate odit rem. Non esse sed vitae id magni dolor. Aut magnam similique cupiditate et ipsa ea qui.','1','0','1996-06-22 06:19:52','1993-09-06 15:43:03'),
('82','82','82','Enim et aut ullam est dolor. Possimus neque autem facere ipsa est dolores dicta expedita. Cumque quaerat aut eius placeat quo repellat dignissimos. Minima quia debitis asperiores ratione.','1','1','2011-04-13 05:09:58','1979-03-21 11:17:33'),
('83','83','83','Repudiandae iusto et quaerat dolor culpa delectus amet. Ad provident hic ea beatae. Nostrum porro dolores dolor nostrum quo consequuntur cumque autem.','1','0','2014-06-26 20:28:22','1990-08-12 14:38:07'),
('84','84','84','Et dolores consectetur ipsam qui illum cupiditate voluptatibus. Beatae odio quo ut doloribus. Exercitationem voluptatem tempora rerum ullam dolorum fuga qui. Nostrum est ut voluptatem alias qui ut ullam.','1','0','1979-11-06 20:37:57','2020-08-14 04:23:30'),
('85','85','85','Enim earum eos voluptate ut aliquid quod autem. Aliquam cumque cupiditate magni quam repudiandae sit. Et vero quibusdam magni quam id omnis. Qui minima nam enim qui explicabo dolores a.','1','1','1991-12-16 08:56:47','2014-12-11 22:12:51'),
('86','86','86','Numquam voluptates soluta repudiandae omnis reiciendis. Quaerat ea iusto blanditiis dolor neque enim autem. Temporibus vel cumque tempore alias voluptatem tenetur.','0','1','2011-03-08 15:46:20','2007-06-15 02:28:04'),
('87','87','87','Architecto aut corporis inventore dolorem exercitationem. Recusandae tempore modi laudantium qui vitae minima. Quisquam occaecati consectetur voluptatem ipsa dolorem omnis. Esse eaque reiciendis vel quo ut quia.','1','0','2008-05-11 11:14:09','1983-07-23 01:21:51'),
('88','88','88','Non distinctio cumque temporibus officia. Exercitationem rerum qui corporis deleniti veritatis voluptatibus autem ut. Placeat quasi iste a consectetur.','0','1','1993-01-31 13:36:13','1983-09-26 03:39:09'),
('89','89','89','Molestias soluta saepe eveniet sit quo labore earum voluptas. Corporis hic incidunt consequatur amet nemo qui fugit. Autem asperiores laboriosam quas nemo. Velit fuga ut blanditiis.','1','0','1988-09-25 05:17:18','2009-07-04 22:04:32'),
('90','90','90','Tempore officiis voluptatem necessitatibus voluptas dolor. Voluptatem recusandae amet rem quas necessitatibus voluptatem in. Voluptas adipisci cupiditate eum nesciunt nam. Aut aut nisi officia et ut minus.','0','1','2002-08-07 10:56:57','2006-08-27 18:02:37'),
('91','91','91','Architecto labore earum quia nemo. Tenetur ut qui repellat libero vel nemo et. Odit magnam maiores debitis.','0','1','2009-09-08 11:44:40','1970-05-05 08:03:51'),
('92','92','92','Consequatur animi fugit ut unde placeat beatae est. Dignissimos sint omnis sint aut modi ut et. Aperiam accusantium occaecati voluptatem quas sit consequuntur voluptatibus. Eum et voluptatem cum corrupti officiis officia et.','1','0','1972-02-14 08:19:09','2009-04-14 15:47:00'),
('93','93','93','Repellendus magnam voluptatem natus in nemo quo. Voluptas quo deserunt et. Et labore et molestiae impedit eaque assumenda molestias. Debitis eveniet et fugit id mollitia quaerat eligendi.','0','1','2012-02-20 12:07:27','1994-11-10 19:02:49'),
('94','94','94','Non repellendus sunt molestiae ea eum voluptas. Unde non dolorem culpa et est quis. Rerum aut dolores ad.','0','0','2005-08-04 05:28:03','1978-04-29 19:16:17'),
('95','95','95','Dolorem quas voluptatum nobis quia quia. Delectus ducimus quo perferendis quia ut iusto culpa. Iure cupiditate iusto optio facilis debitis cumque eligendi. Officiis voluptatem doloremque voluptas eligendi vel.','1','1','1983-06-22 03:03:53','2008-10-18 01:04:22'),
('96','96','96','Tempore laboriosam voluptatibus voluptatem mollitia blanditiis et dolor. Et est ea qui aut ea. Quo ea optio qui quaerat ex quae cum voluptatem. Voluptates esse labore fugiat.','1','1','1992-08-10 04:52:07','2007-01-07 01:23:31'),
('97','97','97','Modi commodi facere ipsa accusantium dolores sit. Sed minus sed illo doloribus eos. Illum quis iste rerum inventore. Est natus iusto dicta est suscipit cumque a. Quia voluptatem aspernatur quia doloribus.','1','1','2009-01-31 02:29:02','1997-12-12 03:25:23'),
('98','98','98','Quasi ex quasi blanditiis dolor repellendus tempore. Minus animi modi repellendus incidunt. Quae odio sit sunt neque eos est. Et est omnis voluptatibus.','0','1','1976-06-09 22:15:01','2010-12-05 19:38:42'),
('99','99','99','Sequi sed beatae libero asperiores. Consectetur non temporibus impedit voluptas commodi. Dolores itaque et officia eum odit.','0','0','1979-11-08 03:18:27','1994-03-30 05:31:34'),
('100','100','100','Corrupti sunt repellat voluptas iusto corrupti sint enim. Magnam eos ab atque suscipit. Ea eum omnis libero est et est. Et non quia sint velit omnis mollitia ea.','1','1','2000-11-14 21:04:42','1997-07-09 23:33:26'); 


DROP TABLE IF EXISTS `profiles`;
CREATE TABLE `profiles` (
  `user_id` int(10) unsigned NOT NULL COMMENT 'Ссылка на пользователя',
  `gender` char(1) COLLATE utf8_unicode_ci NOT NULL COMMENT 'Пол',
  `birthday` date DEFAULT NULL COMMENT 'Дата рождения',
  `photo_id` int(10) unsigned DEFAULT NULL COMMENT 'Ссылка на основную фотографию пользователя',
  `created_at` datetime DEFAULT current_timestamp() COMMENT 'Время создания строки',
  `updated_at` datetime DEFAULT current_timestamp() ON UPDATE current_timestamp() COMMENT 'Время обновления строки',
  PRIMARY KEY (`user_id`)
) ENGINE=InnoDB DEFAULT CHARSET=utf8 COLLATE=utf8_unicode_ci COMMENT='Профили';

INSERT INTO `profiles` VALUES ('1','f','1992-01-18','1','1993-12-15 01:22:44','2009-10-13 23:28:28'),
('2','f','1981-01-29','2','2000-07-26 19:12:04','1994-01-04 12:53:40'),
('3','f','2001-11-13','3','1977-02-05 19:46:23','2017-02-15 22:03:30'),
('4','f','1993-02-15','4','1971-06-07 23:23:48','1986-09-02 07:40:51'),
('5','m','2003-08-13','5','2003-09-16 18:40:32','2014-07-06 15:28:37'),
('6','f','1977-09-01','6','1975-06-07 21:10:05','1979-01-28 00:53:16'),
('7','f','1996-12-16','7','1983-04-10 11:14:31','2012-11-23 09:38:01'),
('8','f','1981-03-30','8','2007-07-13 03:10:05','1971-07-28 02:37:45'),
('9','m','1993-03-08','9','2003-04-10 15:26:30','2001-03-06 06:28:24'),
('10','m','2001-01-09','10','2016-08-21 16:23:53','2013-12-11 08:36:41'),
('11','f','1997-09-01','11','1996-12-16 15:34:59','2017-04-09 23:35:10'),
('12','f','1991-07-12','12','2009-10-04 02:58:34','2004-11-19 07:25:25'),
('13','m','1981-05-14','13','1992-09-11 23:26:30','2016-07-01 13:15:58'),
('14','m','1991-09-26','14','2011-08-17 13:29:04','2019-08-27 17:52:51'),
('15','m','1972-07-21','15','2020-08-20 07:18:05','2018-04-07 12:49:49'),
('16','f','1983-11-03','16','2000-02-02 08:48:30','2016-08-04 03:29:37'),
('17','m','1979-02-11','17','2008-08-07 03:12:47','1976-02-10 09:15:32'),
('18','f','2012-04-28','18','2006-03-24 15:22:16','2011-06-18 12:55:09'),
('19','m','1970-03-09','19','1987-03-15 05:11:23','2007-04-30 18:04:17'),
('20','f','1989-03-09','20','1982-01-14 02:06:42','2010-06-27 10:49:36'),
('21','f','2003-03-27','21','2003-05-14 16:11:26','1977-08-05 07:40:32'),
('22','f','2012-12-26','22','2006-09-20 19:27:21','2000-04-12 08:45:43'),
('23','m','1979-11-12','23','1971-01-16 15:03:14','1975-07-28 13:22:33'),
('24','f','2005-02-08','24','2012-04-24 04:14:12','2017-10-19 12:19:30'),
('25','f','1999-06-23','25','1996-11-13 05:00:13','1996-12-17 13:00:25'),
('26','m','1993-11-24','26','2000-09-13 01:25:09','1993-09-27 20:21:59'),
('27','m','1989-02-09','27','2014-01-21 08:40:20','1993-05-09 07:21:19'),
('28','m','2016-06-17','28','2009-05-30 23:55:45','1980-06-08 19:15:07'),
('29','f','1987-11-22','29','2006-09-07 13:24:25','2009-04-25 07:55:02'),
('30','f','2008-09-25','30','2017-08-23 12:11:46','1977-01-07 12:06:31'),
('31','f','1984-05-14','31','1996-08-19 07:03:00','2019-08-11 04:49:39'),
('32','f','1993-09-07','32','1983-09-16 00:02:33','1994-05-02 08:29:55'),
('33','m','1985-06-14','33','2012-01-24 22:53:14','2014-07-08 03:48:17'),
('34','m','1970-04-22','34','1975-12-14 03:34:27','1997-05-11 20:36:38'),
('35','f','2020-01-06','35','2002-07-16 19:48:19','1976-06-06 23:32:35'),
('36','f','2013-09-10','36','2007-03-13 00:27:53','1992-04-26 10:58:36'),
('37','m','2000-02-06','37','1997-01-02 22:33:29','2013-10-08 03:49:01'),
('38','m','1996-12-08','38','2002-06-10 11:09:45','1982-07-02 16:03:40'),
('39','m','1979-06-11','39','2000-05-26 02:28:04','1980-08-10 03:20:29'),
('40','m','2011-04-27','40','1980-07-22 00:03:43','1989-09-21 11:10:59'),
('41','m','1984-04-25','41','1978-11-12 08:01:53','2015-01-14 10:21:22'),
('42','f','2018-03-10','42','1974-03-27 22:03:46','2005-01-26 10:35:46'),
('43','f','1973-10-23','43','1979-03-31 20:19:42','1980-06-14 16:31:24'),
('44','f','1999-01-31','44','2011-04-14 07:59:19','1998-04-15 08:35:47'),
('45','m','2016-09-12','45','1974-12-23 16:34:26','2000-08-02 02:51:42'),
('46','f','2002-03-21','46','1987-09-27 23:32:32','1981-08-11 05:09:49'),
('47','f','2016-11-16','47','2019-03-08 08:40:47','1995-05-01 01:43:01'),
('48','m','2014-07-31','48','2001-12-02 00:51:14','1974-02-23 12:58:12'),
('49','f','1974-04-09','49','1979-09-24 02:37:39','2003-07-24 01:53:26'),
('50','m','1977-05-27','50','1971-10-13 18:38:58','2011-03-01 23:51:03'),
('51','f','1982-04-25','51','2002-03-17 14:05:21','1978-10-04 10:18:54'),
('52','f','1994-12-24','52','1974-11-16 13:52:04','2016-10-25 00:00:43'),
('53','f','1992-09-19','53','1981-04-29 10:54:42','2003-10-01 05:11:34'),
('54','m','2020-03-01','54','2003-08-05 16:03:36','1991-03-12 10:59:57'),
('55','m','1972-02-27','55','1997-04-16 14:46:58','2008-10-07 18:28:30'),
('56','m','1974-08-15','56','1970-09-19 10:31:47','1981-01-27 10:55:37'),
('57','f','1978-12-07','57','1972-07-04 17:38:41','1973-06-10 13:05:36'),
('58','f','2003-09-21','58','1993-04-02 23:02:17','1999-08-10 00:31:47'),
('59','f','1970-07-03','59','2007-01-30 23:24:44','1973-10-05 01:53:51'),
('60','m','2009-02-24','60','1984-07-31 14:13:00','1992-12-03 05:56:16'),
('61','m','2016-08-10','61','1988-08-27 20:48:54','1988-10-05 01:32:30'),
('62','f','1998-07-16','62','2004-02-10 00:35:02','1994-02-10 13:05:52'),
('63','f','2019-02-21','63','1979-08-19 15:46:38','1993-08-01 06:28:13'),
('64','f','1999-06-16','64','1983-08-04 13:56:27','1976-05-12 02:48:39'),
('65','f','1983-11-08','65','1999-02-09 09:41:55','1998-08-07 11:13:17'),
('66','f','1971-09-03','66','1975-06-12 11:06:35','1995-12-18 04:37:37'),
('67','m','1979-06-25','67','1999-05-20 21:12:38','1996-03-03 07:20:59'),
('68','m','1994-12-30','68','1978-07-31 23:50:39','1997-08-02 14:39:51'),
('69','f','1981-03-23','69','1991-08-25 20:00:52','2018-09-13 11:45:11'),
('70','f','2014-05-02','70','2012-05-06 16:49:06','2015-08-25 23:45:27'),
('71','f','2014-05-20','71','1974-01-21 16:04:26','2020-08-03 00:35:24'),
('72','m','1984-08-04','72','2016-01-08 18:54:41','1975-08-25 08:26:52'),
('73','m','1998-06-29','73','1989-08-05 01:35:43','1977-06-24 15:58:31'),
('74','m','1995-05-08','74','2017-09-07 05:27:58','1986-02-10 21:22:58'),
('75','m','2014-09-04','75','2016-10-15 19:28:07','2005-06-29 23:47:27'),
('76','m','2011-05-21','76','2002-05-04 23:09:11','2015-06-10 14:44:24'),
('77','f','1977-09-05','77','1978-09-05 09:37:46','1976-08-23 17:35:50'),
('78','f','2011-10-10','78','2006-02-25 02:30:15','2006-11-13 05:44:28'),
('79','m','2004-03-23','79','1974-05-03 17:55:25','1997-09-13 23:38:03'),
('80','f','2002-10-15','80','2019-12-29 11:12:57','1987-10-31 14:52:30'),
('81','f','1972-03-15','81','2002-10-19 23:20:49','2013-01-02 20:05:05'),
('82','m','1998-05-21','82','1974-06-21 03:25:07','1994-09-20 13:01:16'),
('83','m','1994-02-14','83','1987-05-21 02:57:57','1999-03-19 14:36:27'),
('84','f','2016-10-29','84','2015-09-25 13:03:50','2007-09-18 21:13:35'),
('85','m','1982-12-21','85','1975-12-31 15:24:31','2003-07-20 10:21:13'),
('86','f','1970-09-20','86','2018-05-21 10:13:22','2003-11-01 13:55:00'),
('87','f','1976-12-25','87','1995-10-31 07:41:48','1977-10-28 09:12:53'),
('88','m','2005-06-14','88','2012-12-12 09:31:08','2011-05-03 14:01:56'),
('89','f','2010-09-11','89','2012-01-03 23:39:32','1997-03-27 12:39:06'),
('90','m','1996-12-08','90','2002-09-21 10:01:39','2017-06-08 02:27:18'),
('91','m','1991-10-20','91','1986-12-28 19:08:59','2011-07-29 21:57:48'),
('92','f','1995-07-04','92','2003-01-21 06:12:45','1994-02-28 22:42:31'),
('93','f','1973-01-14','93','1984-05-25 15:44:36','2017-12-07 19:56:39'),
('94','m','1997-11-08','94','1980-01-23 06:41:47','1984-10-20 08:46:28'),
('95','m','1976-01-25','95','2017-08-13 11:53:27','2015-04-23 18:46:44'),
('96','m','2012-07-07','96','1988-11-14 21:04:37','1991-01-12 08:50:38'),
('97','m','2014-07-24','97','2019-06-06 17:30:39','1975-05-19 15:01:59'),
('98','f','2015-07-23','98','1974-02-05 22:41:46','2003-04-29 02:59:03'),
('99','f','2000-06-12','99','1981-10-24 13:44:14','1975-11-15 03:48:14'),
('100','f','1971-05-15','100','1989-05-23 16:56:18','1994-03-16 16:25:49'); 


DROP TABLE IF EXISTS `statuses`;
CREATE TABLE `statuses` (
  `status_type_id` int(10) unsigned NOT NULL AUTO_INCREMENT COMMENT 'Идентификатор статуса',
  `status_name` varchar(100) COLLATE utf8_unicode_ci NOT NULL COMMENT 'Наименование статуса',
  PRIMARY KEY (`status_type_id`)
) ENGINE=InnoDB AUTO_INCREMENT=4 DEFAULT CHARSET=utf8 COLLATE=utf8_unicode_ci COMMENT='Статусы';

INSERT INTO `statuses` VALUES ('1',' don\'t know'),
('2',' married'),
('3','single'); 


DROP TABLE IF EXISTS `users`;
CREATE TABLE `users` (
  `id` int(10) unsigned NOT NULL AUTO_INCREMENT COMMENT 'Идентификатор строки',
  `first_name` varchar(100) COLLATE utf8_unicode_ci NOT NULL COMMENT 'Имя пользователя',
  `last_name` varchar(100) COLLATE utf8_unicode_ci NOT NULL COMMENT 'Фамилия пользователя',
  `email` varchar(100) COLLATE utf8_unicode_ci NOT NULL COMMENT 'Почта',
  `phone` varchar(100) COLLATE utf8_unicode_ci NOT NULL COMMENT 'Телефон',
  `created_at` datetime DEFAULT current_timestamp() COMMENT 'Время создания строки',
  `updated_at` datetime DEFAULT current_timestamp() ON UPDATE current_timestamp() COMMENT 'Время обновления строки',
  PRIMARY KEY (`id`),
  UNIQUE KEY `email` (`email`),
  UNIQUE KEY `phone` (`phone`)
) ENGINE=InnoDB AUTO_INCREMENT=101 DEFAULT CHARSET=utf8 COLLATE=utf8_unicode_ci COMMENT='Пользователи';

INSERT INTO `users` VALUES ('1','Emelia','Harris','afahey@example.com','1-576-715-5202','2006-07-22 13:43:51','1983-07-13 16:56:27'),
('2','Robert','Marvin','lynch.ottis@example.net','(620)747-1566','1987-04-21 14:17:54','1978-04-21 22:06:51'),
('3','Marjolaine','Kunde','cortney.wiza@example.com','511.357.8533','1995-08-02 03:55:02','2000-11-22 05:10:02'),
('4','Chris','Hagenes','wilfredo.o\'conner@example.net','386.848.3624x323','1981-12-02 22:31:09','2013-02-11 07:50:46'),
('5','Alexandrea','Bogisich','craig14@example.com','786-776-0229x6149','1976-03-26 05:23:15','2002-03-18 23:57:18'),
('6','Ardith','Stark','keebler.jayson@example.com','667.459.3965x97968','1979-10-07 19:04:48','2015-08-14 16:15:09'),
('7','Leatha','Wiza','stella02@example.net','374.740.4899x866','1992-04-18 21:51:32','2007-12-20 20:49:48'),
('8','Adeline','Weissnat','dallin36@example.com','499.829.7097x10253','2010-04-24 02:38:53','1981-07-13 22:35:33'),
('9','Laury','Kris','bwatsica@example.org','987.564.9013','2014-03-16 23:58:25','2014-10-07 12:45:34'),
('10','Isabell','Schamberger','marge48@example.com','949-978-8916x7467','1977-10-07 22:00:35','1987-11-23 08:23:05'),
('11','Carli','Abshire','esther.greenfelder@example.com','775.594.4447x085','2016-07-01 18:43:10','1992-05-10 21:30:47'),
('12','Kole','Kessler','august66@example.com','07317921261','1977-02-22 20:02:19','1991-02-10 16:57:32'),
('13','Janis','Parker','torp.meaghan@example.com','543-308-7836x76922','2011-06-07 03:44:24','2016-01-15 11:23:52'),
('14','Mckenzie','Boyer','obahringer@example.com','569.286.8591x642','1989-08-16 10:11:13','1997-11-01 05:53:35'),
('15','Russel','McLaughlin','mcartwright@example.org','348-404-9688x5188','2010-05-15 10:11:37','1989-06-24 10:58:05'),
('16','Lesly','Mosciski','okuneva.maudie@example.org','514-290-4147x518','2012-07-23 04:34:27','2004-01-25 17:16:58'),
('17','Keanu','Hickle','boris.blick@example.com','07484432959','2013-11-23 03:05:23','1999-06-11 01:31:51'),
('18','Reilly','Greenholt','petra.kuhic@example.net','(362)590-9935x341','2019-09-27 07:25:20','1986-01-13 15:41:53'),
('19','Carlotta','Hermiston','skylar.langworth@example.org','01820701231','1981-01-25 21:58:55','2012-02-12 17:45:28'),
('20','Nathanael','Gleason','thompson.trace@example.net','(830)486-7238','2007-07-16 00:29:34','2000-05-22 10:09:39'),
('21','Winifred','Marquardt','newton.stoltenberg@example.com','359-964-6386','1977-04-10 13:47:49','1994-04-02 04:47:27'),
('22','Jacquelyn','Wyman','ethelyn75@example.org','085.063.4549','1992-03-25 20:10:12','1982-03-28 00:05:28'),
('23','Jaylan','Flatley','jace12@example.net','1-549-434-9446x7520','1994-04-11 00:42:35','1988-11-30 00:49:52'),
('24','Leopoldo','Berge','tristin.abshire@example.org','051-403-5240','1978-09-14 06:45:32','1979-09-06 10:04:15'),
('25','Humberto','Hagenes','hackett.rosanna@example.org','960.114.3224','2006-06-17 16:10:35','2004-12-10 12:42:17'),
('26','Berenice','Towne','donald84@example.com','520.493.8829x04973','1999-03-22 15:31:53','2008-02-29 09:24:40'),
('27','Darien','Bogisich','larson.colten@example.com','1-954-204-5465x04341','2007-06-09 02:30:44','2008-01-27 21:06:09'),
('28','Virginie','Prohaska','jkilback@example.org','+91(9)0552082260','1999-05-10 00:16:52','1976-05-13 04:05:57'),
('29','Arno','Keeling','gutmann.donald@example.com','185-400-1358x1679','1987-06-27 03:01:13','1972-09-12 09:10:05'),
('30','Isac','Farrell','virginie64@example.net','(951)616-4995x945','1990-04-07 15:07:36','1987-04-22 07:16:40'),
('31','Enola','Kozey','boyer.kaela@example.org','(761)909-8042','2006-12-15 07:47:36','2001-05-01 09:18:06'),
('32','Erich','Flatley','noel.swift@example.org','663.393.6337','2017-09-09 09:21:36','1991-01-18 22:27:35'),
('33','Charlene','Moore','fbahringer@example.net','03522733327','1993-11-14 22:16:54','2015-09-25 11:39:07'),
('34','Lessie','Stehr','fsatterfield@example.com','884.690.8061x24164','1971-06-11 15:35:32','2011-12-27 19:42:56'),
('35','Nona','Donnelly','aisha.gottlieb@example.com','757.445.5020x1390','2011-03-14 18:12:47','2020-12-04 11:17:07'),
('36','Tiffany','Hagenes','jackie55@example.net','1-334-380-7707x78715','2019-02-06 15:30:43','2001-11-03 07:12:53'),
('37','Marlene','Cartwright','ian.mraz@example.com','1-654-010-4268','1985-02-17 19:11:38','1993-03-01 22:31:21'),
('38','Stanford','Kuhlman','callie31@example.net','1-930-069-9432','2011-02-19 20:29:34','1981-11-09 22:10:28'),
('39','Letitia','Upton','zackery.lebsack@example.org','030-584-2627','1994-12-31 22:08:46','2019-06-29 01:42:17'),
('40','Clovis','Veum','qfeest@example.com','(067)835-1311x8605','2003-10-04 22:28:36','1977-05-08 01:11:14'),
('41','Gay','DuBuque','bailey.spencer@example.net','1-854-137-4177','1995-06-11 22:53:57','2014-03-16 21:11:45'),
('42','Alexis','Yundt','wryan@example.net','481-409-1735','1986-08-11 17:39:17','2010-03-23 14:45:38'),
('43','Annie','Breitenberg','price.lura@example.org','711-409-9097x8371','1974-01-26 21:12:31','1976-09-08 10:27:51'),
('44','Christophe','Bashirian','khackett@example.net','145.206.2028x3706','2016-02-03 20:04:58','2010-04-27 09:08:43'),
('45','Dorothea','Beatty','vbashirian@example.org','463-951-3272x818','2017-10-13 09:45:11','2015-05-20 11:13:50'),
('46','Halle','Kautzer','amiya.marks@example.org','+99(2)1278760345','2014-09-12 17:25:09','1971-09-28 21:24:35'),
('47','Luz','Feil','bwelch@example.net','1-103-461-0880x974','2011-06-02 16:57:31','1992-04-02 15:55:58'),
('48','Dexter','Huels','vwunsch@example.net','917.534.7775x098','1993-11-15 21:51:10','1976-09-18 13:51:31'),
('49','Frederic','Metz','hills.ethyl@example.com','(417)576-4512x5016','2011-08-25 21:29:16','1980-12-20 19:48:55'),
('50','Nathaniel','Osinski','fullrich@example.org','+21(3)8694778713','2010-04-18 05:57:51','1991-10-23 23:15:06'),
('51','Ken','Dietrich','bauch.ramon@example.org','908.053.8545','1998-02-22 06:32:02','2013-10-01 23:36:37'),
('52','Lauretta','Renner','ubechtelar@example.net','(738)967-6625x5035','2014-01-28 02:51:13','1999-10-26 23:22:00'),
('53','Carrie','Wehner','wilber50@example.org','1-986-428-9857x3103','1972-01-27 11:19:02','1995-08-24 20:31:33'),
('54','Maureen','Denesik','mona36@example.org','02275117336','1985-07-11 05:50:47','1993-11-30 13:08:14'),
('55','Annabel','Renner','retha.glover@example.com','640.761.2514','1992-07-25 08:34:39','2014-10-29 17:50:16'),
('56','Elody','Wyman','west.green@example.org','(458)190-4525','2010-08-26 08:48:09','1975-07-22 13:48:29'),
('57','Christian','Hackett','qkassulke@example.com','997.640.2595x759','1999-02-24 23:11:27','1986-01-14 21:44:30'),
('58','Shakira','Bernier','albert.tromp@example.net','1-483-176-7205x0372','1998-04-05 13:39:25','1971-10-17 21:34:13'),
('59','Roberto','Trantow','estelle19@example.org','1-274-235-7834x4477','2014-11-07 07:34:05','1981-08-13 13:51:58'),
('60','Robyn','Marquardt','wconsidine@example.net','1-194-550-3249x16695','2011-01-30 17:00:58','2019-06-21 06:48:23'),
('61','Antwan','Harris','bessie11@example.org','002-920-3025x255','2006-10-18 07:07:40','2020-08-08 23:38:16'),
('62','Barbara','O\'Conner','hhills@example.com','1-284-792-6803x099','1995-05-05 03:39:42','1984-01-07 06:08:33'),
('63','Valentin','Ferry','lstoltenberg@example.net','144.685.9709','2020-10-27 23:08:46','1983-02-09 14:15:53'),
('64','Rozella','Auer','bo.russel@example.net','+72(7)9452030967','1978-01-02 05:54:58','2002-02-08 04:48:03'),
('65','Polly','Pollich','harber.moriah@example.com','(370)850-1700x0538','1987-03-30 16:49:55','2010-05-04 18:09:14'),
('66','Sherwood','Klocko','makenzie.parisian@example.com','(934)925-4343x295','1988-10-05 23:02:07','1993-06-06 23:04:18'),
('67','Jaime','Rice','bernier.vada@example.org','401.642.7003','2020-06-09 16:25:13','2000-11-18 08:52:42'),
('68','Kamryn','Sipes','pgottlieb@example.org','664.244.8684x36422','2010-03-18 22:05:11','1993-06-19 19:46:38'),
('69','Russel','Stroman','fmurray@example.com','440.051.1622x9798','1974-06-10 04:13:32','1989-10-15 18:09:21'),
('70','Keshaun','Jaskolski','karmstrong@example.com','1-083-006-7807','2001-09-19 10:08:32','1998-09-27 21:10:53'),
('71','Barton','Beer','beer.hallie@example.net','1-720-229-1980x966','2017-12-06 09:49:44','2014-05-17 04:12:23'),
('72','Cassandra','Cormier','qstehr@example.net','(786)484-1496x1975','2017-08-26 09:39:03','2006-02-25 07:27:28'),
('73','Otis','Vandervort','toney62@example.com','129-656-2086x33871','2019-02-04 15:09:03','1973-05-31 01:36:50'),
('74','Enid','Bartell','kavon32@example.net','(235)596-5942x358','1970-05-22 23:27:28','2012-06-24 15:50:39'),
('75','Maverick','Goldner','schneider.larry@example.org','1-058-331-1771','2008-06-07 17:00:31','2004-12-19 21:31:06'),
('76','Jacinthe','Kohler','bcollier@example.net','241.891.6722','2006-05-11 13:39:32','2015-01-13 19:57:46'),
('77','Chanel','Satterfield','ledner.dan@example.org','1-414-711-5953','1981-12-10 03:38:56','1980-04-26 17:24:16'),
('78','Earnest','Vandervort','anya15@example.org','1-588-529-8733','2002-09-30 18:58:57','2017-08-29 03:36:49'),
('79','Anabel','Harvey','bbernhard@example.net','(648)620-3225x566','1993-05-03 01:44:14','1973-05-17 21:04:42'),
('80','Floyd','Ziemann','madisen.swift@example.org','(361)125-4608x646','2013-05-01 15:40:00','2018-11-07 19:01:38'),
('81','Jamison','Stamm','zbechtelar@example.org','236-221-2746x7213','1983-12-29 23:35:20','2011-10-24 13:21:01'),
('82','Osvaldo','Casper','bernadine50@example.com','1-983-541-4257x2103','2018-02-02 21:46:36','1993-05-22 05:51:43'),
('83','Mckayla','Ward','maya76@example.org','1-252-200-3105x03127','1970-09-10 05:38:40','1988-06-12 09:58:51'),
('84','Ibrahim','Schimmel','mstoltenberg@example.com','1-658-524-7665x50396','1996-04-22 12:49:24','2009-05-15 08:45:28'),
('85','Stacey','Thompson','crona.jake@example.com','004-046-3420x84687','1985-12-19 16:07:18','1970-08-02 08:30:38'),
('86','Tremayne','Bode','bradford86@example.com','1-931-789-8065x460','1986-02-18 12:33:23','2000-12-04 00:23:34'),
('87','Pat','Frami','qmraz@example.com','1-445-098-8991','1999-05-18 16:09:36','1976-06-21 22:27:03'),
('88','Isidro','Mann','grady.ruthie@example.com','112.073.4756x149','2019-12-01 16:03:57','1974-05-14 01:23:58'),
('89','Uriah','Prosacco','dare.vanessa@example.org','1-162-033-2370x460','1995-10-18 20:08:50','1982-01-17 12:21:27'),
('90','Emiliano','Moore','destini99@example.com','913-776-4570','1982-07-10 09:01:11','1972-09-01 18:01:14'),
('91','Ima','Ratke','israel.o\'hara@example.org','045.142.4514','1981-05-27 05:42:02','1990-02-24 16:30:25'),
('92','Sonny','Waelchi','neva.graham@example.org','(062)975-2614','1999-12-13 19:47:51','2020-10-13 00:00:15'),
('93','Sadye','McKenzie','alf.waters@example.org','1-828-349-2095x414','1995-03-29 07:50:10','2000-10-25 22:47:31'),
('94','Alexzander','Gusikowski','hagenes.melissa@example.net','849.397.4417x588','1981-06-30 15:15:36','1984-08-28 00:21:04'),
('95','Laney','VonRueden','martin54@example.net','1-012-459-2332','1993-11-14 20:12:59','1995-04-11 01:39:18'),
('96','Zelda','Conn','dfeest@example.com','(198)082-1616','1973-02-24 19:02:02','1993-10-26 21:58:17'),
('97','Rasheed','Kuhic','sbosco@example.org','08094339051','1992-07-27 05:19:33','2000-05-28 05:04:42'),
('98','Webster','Tromp','steuber.sandy@example.org','1-092-800-0611x3443','1982-03-22 13:37:48','1990-11-13 05:53:53'),
('99','Noe','Dooley','shilll@example.net','254-688-7680x10882','1974-05-20 12:41:13','2015-10-01 23:02:17'),
('100','Johann','Waters','lkoss@example.com','+52(3)6841254638','1988-03-20 01:02:53','1999-09-26 05:29:36'); 




/*!40101 SET SQL_MODE=@OLD_SQL_MODE */;
/*!40014 SET FOREIGN_KEY_CHECKS=@OLD_FOREIGN_KEY_CHECKS */;
/*!40014 SET UNIQUE_CHECKS=@OLD_UNIQUE_CHECKS */;
/*!40101 SET CHARACTER_SET_CLIENT=@OLD_CHARACTER_SET_CLIENT */;
/*!40101 SET CHARACTER_SET_RESULTS=@OLD_CHARACTER_SET_RESULTS */;
/*!40101 SET COLLATION_CONNECTION=@OLD_COLLATION_CONNECTION */;
/*!40111 SET SQL_NOTES=@OLD_SQL_NOTES */;

